title,url,company,salary,deadline,location,lien_he
Trường Mầm non Quốc tế Achi Home Montessori Tuyển dụng 02 Giáo...,https://vinhphuc.work/truong-mam-non-quoc-te-achi-home-montessori-tuyen-dung-02-giao-vien-mam-non.html,Trường Quốc Tế Achi Home,5-10 Triệu,Từ 01/06/2022,Phố Lê Đĩnh Chi – KĐT Chùa Hà Tiên – TP Vĩnh Yên –...,
Công ty Cổ phần Toyo Taki Việt Nam Tuyển Nhân viên Kinh...,https://vinhphuc.work/cong-ty-co-phan-toyo-taki-viet-nam-tuyen-nhan-vien-kinh-doanh-qc-khuon-tho-han-nhan-vien-ky-thuat.html,Công ty CP Toyo Taki Việt Nam,Thỏa thuận,Từ ngày 31/05/2022,Khu công nghiệp Khai Quang,
Công ty TNHH Dynamix Material Science Tuyển dụng Nhân viên Kiểm tra...,https://vinhphuc.work/cong-ty-tnhh-dynamix-material-science-tuyen-dung-nhan-vien-kiem-tra-hien-truong.html,CÔNG TY TNHH DYNAMIX MATERIAL SCIENCE,Thương lượng,31/05/2022,"Lô CN05-2, KCN Bình Xuyên II - Bá Hiến - Bình Xuyên - Vĩnh...","Công ty TNHH Dynamix Material Science
Địa chỉ: Lô CN05-2, KCN Bình Xuyên II – Bá Hiến – Bình Xuyên – Vĩnh Phúc
Điện thoại: 0211.3535.568"
Công ty Big Five Việt Nam tuyển Lái xe cho giám đốc,https://vinhphuc.work/cong-ty-big-five-viet-nam-tuyen-lai-xe-cho-giam-doc.html,Công ty Big Five Việt Nam,Thỏa thuận,31/05/2022,Mộ Đạo - Đạo Đức - Bình Xuyên - Vĩnh Phúc,"Công ty Big Five Việt Nam
Địa chỉ: Mộ Đạo – Đạo Đức – Bình Xuyên – Vĩnh Phúc
Điện thoại liên hệ: 0981 009 020"
Công ty TNHH SX TM & XD Bảo Sơn(Sơn JYKA) Tuyển Kế...,https://vinhphuc.work/cong-ty-tnhh-sx-tm-xd-bao-sonson-jyka-tuyen-ke-toan-tong-hop-ke-toan-ban-hang.html,Công ty TNHH SX TM và XD Bảo Sơn (Hãng sơn JYKA),Thỏa Thuận,30/05/2022 - 30/06/2022,Công ty TNHH SX TM & XD Bảo Sơn (Sơn JYKA) – Gần ngã...,"Công ty TNHH SX TM & XD Bảo Sơn (Sơn JYKA) Địa chỉ: KCN Bá Thiện, Bình Xuyên, Vĩnh Phúc. Điện thoai: 0862048444"
Công ty Cổ phần dịch vụ Sen Hồng Tuyển dụng mới nhiều...,https://vinhphuc.work/cong-ty-co-phan-dich-vu-sen-hong-tuyen-dung-moi-nhieu-vi-tri-2.html,Công ty Cổ phần dịch vụ Sen Hồng,Thỏa thuận,Từ 30/05/2022,"TDP Đông Quý, Phường Đồng Tâm, TP. Vĩnh Yên, tỉnh Vĩnh Phúc","Công ty Cổ phần dịch vụ Sen Hồng
Địa chỉ: TDP Đông Quý, Phường Đồng Tâm, TP. Vĩnh Yên, tỉnh Vĩnh Phúc số ĐT/zalo: 094 154 3906 (Ms. Tú Anh) – 0986 777 138"
Công ty TNHH LS Communication Vina Tuyển Nhân viên Kế hoạch sản...,https://vinhphuc.work/cong-ty-tnhh-ls-communication-vina-tuyen-nhan-vien-ke-hoach-san-xuat-phien-dich.html,Công ty TNHH LS Communication Vina,Thỏa thuận,30/05/2021,Khu công nghiệp Bá Thiện – Bình Xuyên – Vĩnh Phúc,
"Nhà máy Sujin Việt Nam Tuyển Công nhân Hàn xì, Công nhân...",https://vinhphuc.work/nha-may-sujin-viet-nam-tuyen-cong-nhan-han-xi-cong-nhan-van-hanh-may-chinh-thuc-lam-hanh-chinh.html,Nhà máy Sujin Việt Nam,THỏa thuận,30/05/2022,"Nhà máy Sujin Việt Nam - Phường Phúc Thắng, Phúc Yên, Vĩnh Phúc","Nhà máy Sujin Việt Nam
Địa chỉ: phường Phúc Thắng, thành phố Phúc Yên, tỉnh Vĩnh Phúc (Gần cổng khu đô thị TMS)
Điện thoại:02113 869 898/ 0211 3721 335"
Công ty Cổ phần Hưng Thịnh Land Tuyển dụng Trưởng phòng Kinh...,https://vinhphuc.work/cong-ty-co-phan-hung-thinh-land-tuyen-dung-truong-phong-kinh-doanh-nhan-vien-kinh-doanh-chuyen-du-an-tap-doan.html,Công ty Cổ phần Hưng Thịnh Land,Thỏa thuận,Từ 30/05/2022,"SN 44S5, KĐT Chùa Hà Tiên, Xã Định Trung, Thành phố Vĩnh Yên, Tỉnh...",
"Công ty TNHH Xây dựng Hưng Đạt tuyển Nhân viên Cắt cỏ,...",https://vinhphuc.work/cong-ty-tnhh-xay-dung-hung-dat-tuyen-nhan-vien-cat-co-ky-thuat-vien-bao-tri-duy-tu-duong-bo.html,Công ty TNHH Xây dựng Hưng Đạt,6-10 triệu,Từ ngày 29/05/2022,"Chọn các khu vực Tam Đảo, Bình Xuyên, Vĩnh Yên",
Công ty cổ phần ngói cao cấp AMADO Tuyển dụng Nhân viên...,https://vinhphuc.work/cong-ty-co-phan-ngoi-cao-cap-amado-tuyen-dung-nhan-vien-co-dien-lai-may-xuc.html,Công ty cổ phần Ngói cao cấp AMADO,8-12tr,Từ 28/05/2022,"KCN Tam Dương 2, Kim Long, Tam Dương, Vĩnh Phúc","Công ty cổ phần ngói cao cấp AMADO
– Điện thoại: 02113.686.388 or 0986.585.427
Địa chỉ: KCN Tam Dương 2, Kim Long, Tam Dương, Vĩnh Phúc
( Ứng viên vui lòng ghi tiêu đề theo mẫu: Họ tên – Ứng tuyển vị trí nhân viên cơ điện).
Công ty sẽ PV những CV đạt yêu cầu.
(Lưu ý: Công ty không thu bất ký khoản lệ phí tuyển dụng nào)"
Trung tâm thẩm mỹ Bác sỹ Tuấn Dương Tuyển dụng Nhân viên...,https://vinhphuc.work/trung-tam-tham-my-bac-sy-tuan-duong-tuyen-dung-nhan-vien-telesales-nhan-vien-media.html,Trung tâm thẩm mỹ Bác sỹ Tuấn Dương,Từ 10-30 triệu,Từ 28/05/2022,SN 78 Chu Văn An – Liên Bảo – Vĩnh Yên – Vĩnh Phúc,"Trung tâm thẩm mỹ Bác sỹ Tuấn Dương
Địa chỉ: SN 78 Chu Văn An – Liên Bảo – Vĩnh Yên – Vĩnh Phúc Hotline: Mr. Cương 0986.412.388 – 0961.886.656"
"Công ty TNHH Công nghiệp Chính Đạt Tuyển NV Kho, Kỹ thuật...",https://vinhphuc.work/cong-ty-tnhh-cong-nghiep-chinh-dat-tuyen-nv-kho-ky-thuat-may-ep-nhua-khai-thac-san-pham-kinh-danh-cong-nhan-chinh-thuc.html,Công ty TNHH Công nghiệp Chính Đạt,Thỏa thuận,Từ 30/05/2022,"KCN Bình Xuyên, Thị trấn Đạo Đức, Huyện Bình Xuyên, Tỉnh Vĩnh Phúc","Công ty TNHH Công nghiệp Chính Đạt
Địa chỉ công ty: KCN Bình Xuyên, Thị trấn Đạo Đức, Huyện Bình Xuyên, Tỉnh Vĩnh Phúc
Điện thoại liên hệ: 0211.3593.357/0916.443.698 (Ms. Yến)"
88 CAFÉ Tuyển dụng Phục vụ bàn,https://vinhphuc.work/88-cafe-tuyen-dung-phuc-vu-ban.html,Cửa hàng 88 CAFÉ,20.000đ/1h.,Từ ngày 28/05,"Số 5,đường Phạm Du, phường Liên Bảo, t.p Vĩnh Yên, tỉnh Vĩnh Phúc.",
Công ty CP Giao nhận Kho vận Mê Linh Tuyển dụng Trưởng...,https://vinhphuc.work/cong-ty-cp-giao-nhan-kho-van-me-linh-tuyen-dung-truong-phong-marketing-nhan-vien-marketing.html,Công ty CP Giao nhận Kho vận Mê Linh,Thỏa thuận,Từ 27/05/2022,"Km16, quốc lộ 2A, Phường Phúc Thắng, Thành Phố Phúc Yên, Tỉnh Vĩnh Phúc","Công ty CP Giao nhận Kho vận Mê Linh (MTO)
Địa chỉ: Km16, quốc lộ 2A, Phường Phúc Thắng, Thành Phố Phúc Yên, Tỉnh Vĩnh Phúc
Điện thoại: 0986.576.131"
Công ty cổ phần ANOTECH tuyển dụng 03 Nhân viên QC,https://vinhphuc.work/cong-ty-co-phan-anotech-tuyen-dung-03-nhan-vien-qc.html,Công ty cổ phần ANOTECH,Thỏa thuận,Từ 28/05/2022,"Hưởng Lộc, Xã Đạo Đức, Huyện Bình Xuyên, Tỉnh Vĩnh Phúc","Công ty CP Anotech Vĩnh Phúc
Địa chỉ: Lô CN 06, KCN Bá Thiện I-Xã Bá Hiến-Huyện Bình Xuyên-Tỉnh Vĩnh Phúc
Điện thoại: 0987589923"
Công ty TNHH FWKK Việt Nam Tuyển Nhân Viên Kho,https://vinhphuc.work/cong-ty-tnhh-fwkk-viet-nam-tuyen-nhan-vien-kho.html,Công ty TNHH FWKK Việt Nam,Thỏa thuận,Từ 27/05/2022,"Lập Thạch, Vĩnh Phúc","Công ty TNHH FWKK Việt Nam
Địa chỉ: Sơn Đông, Lập Thạch, Vĩnh Phúc
Điện thoại: 0211.248.1622 – 0869172268"
Công ty TNHH MTV Golden Lake Club Enterprise Việt Nam Tuyển NV...,https://vinhphuc.work/cong-ty-tnhh-mtv-golden-lake-club-enterprise-viet-nam-tuyen-nv-ke-toan-nv-thu-ngan-nhan-vien-phuc-vu-an-ninh-nha-bep.html,,Thỏa thuận,Từ 28/05/2022,"Số 1D Đường Kim Ngọc, Phường Tích Sơn, TP Vĩnh Yên, Tỉnh Vĩnh Phúc","Công ty TNHH MTV Golden Lake Club Enterprise Việt Nam
Địa chỉ: Số 1D Đường Kim Ngọc, Phường Tích Sơn, TP Vĩnh Yên, Tỉnh Vĩnh Phúc
Điện thoại: 0973.794.984"
"Công ty Cổ Phần Kioway Tuyển 01 Nhân viên Kế hoạch, 01Quản...",https://vinhphuc.work/cong-ty-co-phan-kioway-tuyen-01-nhan-vien-ke-hoach-01quan-ly-nhom-chung-tu.html,Công ty Cổ phần Kioway,Thỏa thuận,27/05/2022,Tầng 6- tòa nhà Kioland- KĐT Đồng Sơn- Phúc Yên-Vĩnh Phúc,
Công ty TNHH Vina Anydo Eletronics tuyển Nhân viên Kế toán Tổng...,https://vinhphuc.work/cong-ty-tnhh-vina-anydo-eletronics-tuyen-nhan-vien-ke-toan-tong-hop.html,Công ty TNHH Vina Anydo Eletronics,Thỏa thuận,27/05/2022,"Khu công nghiệp Bình Xuyên, Thị trấn Hương Canh, Huyện Bình Xuyên, Tỉnh Vĩnh...","Công ty TNHH Vina Anydo Eletronics
Điện thoại: Phương – 0363 253 992 hoặc  02113 866 877 Địa chỉ: KCN Bình Xuyên, TT Hương Canh, Huyện Bình Xuyên, Tỉnh Vĩnh Phúc."
"Công ty TNHH Công nghệ COSMOS Tuyển Nhân viên Nhân sự, ...",https://vinhphuc.work/cong-ty-tnhh-cong-nghe-cosmos-tuyen-nhan-vien-nhan-su-nhan-vien-ky-thuat-chat-luong.html,Công ty TNHH Công nghệ Cosmos,Thỏa thuận,Từ 27/052022,KCN Khai Quang - Vĩnh Yên - Vĩnh Phúc,
Công ty cổ phần công nghệ SMC Tuyển Nhân viên Bảo trì,https://vinhphuc.work/cong-ty-co-phan-cong-nghe-smc-tuyen-nhan-vien-bao-tri.html,Công ty cổ phần công nghệ SMC,Thỏa thuận,Từ 27/05/2022,"Lô CN6. KCN Bá Thiện I, thị trấn Bá Hiến, huyện Bình Xuyên, tỉnh...","Công ty cổ phần công nghệ SMC
Địa chỉ: Lô CN6. KCN Bá Thiện I, thị trấn Bá Hiến, huyện Bình Xuyên, tỉnh Vĩnh Phúc
Điện thoại: 02113 888 233; 0911.119.380"
Trường Mầm non Quốc tế Achi Home Montessori Tuyển Giáo viên Mầm...,https://vinhphuc.work/truong-mam-non-quoc-te-achi-home-montessori-tuyen-02-giao-vien-mam-non-2-2.html,Trường Quốc Tế Achi Home,6-10 Triệu,Từ 27/05/2022,Phố Lê Đĩnh Chi – KĐT Chùa Hà Tiên – TP Vĩnh Yên –...,
Công ty TNHH Cao su Long Long tuyển Kế toán tổng hợp,https://vinhphuc.work/cong-ty-tnhh-cao-su-long-long-tuyen-ke-toan-tong-hop.html,Công ty Cao su Long Long,8.000.000đ,27/5/2022,"Cao Quang, Cao minh, Phúc Yên, Vĩnh Phúc","Công ty TNHH Cao su Long Long
Địa chỉ: Cao Quang, Cao Minh, Phúc Yên, Vĩnh Phúc
Điện thoại: 0988359000"
Công ty TNHH Sản xuất Thương Mại Nguyệt Ánh Tuyển Thiết kế...,https://vinhphuc.work/cong-ty-tnhh-san-xuat-thuong-mai-nguyet-anh-tuyen-thiet-ke-noi-that.html,Công Ty TNHH Sản Xuất Thương Mại Nguyệt ánh,Thỏa thuận,Từ ngày 26/05/2022 đến ngày 25/06/2022,Phúc Yên - Vĩnh Phúc,"Công ty TNHH Sản xuất Thương Mại Nguyệt Ánh
Địa chỉ: Số 9 -Đường Nguyễn Trãi – P.Hùng Vương – TP. Phúc Yên – T. Vĩnh Phúc
Điện thoại: 098 354 4522"
Công ty TNHH SL TECH VINA Tuyển dụng Kế toán Trưởng,https://vinhphuc.work/cong-ty-tnhh-sl-tech-vina-tuyen-dung-ke-toan-truong.html,Công ty TNHH SL Tech Vina,Mức lương hấp dẫn,26/05/2022,"TDP Đại phúc. Thị trấn Đạo đức, Huyện Bình Xuyên, Tỉnh Vĩnh phúc","CÔNG TY TNHH SL TECH VINA
Địa chỉ: TDP Đại Phúc, Thị Trấn Đạo đức, Huyện Bình Xuyên, Tỉnh Vĩnh Phúc
Điện thoại: 0211.3530.576"
"Nhà máy Sujin Việt Nam Tuyển thêm Công nhân Hàn xì, Công...",https://vinhphuc.work/nha-may-sujin-viet-nam-tuyen-them-cong-nhan-han-xi-cong-nhan-van-hanh-may-lam-hanh-chinh.html,Nhà máy Sujin Việt Nam,THỏa thuận,26/05/2022,"Nhà máy Sujin Việt Nam - Phường Phúc Thắng, Phúc Yên, Vĩnh Phúc","Nhà máy Sujin Việt Nam
Địa chỉ: phường Phúc Thắng, thành phố Phúc Yên, tỉnh Vĩnh Phúc (Gần cổng khu đô thị TMS)
Điện thoại:02113 869 898/ 0211 3721 335"
Công ty Cổ phần XNK và sản xuất Nội thất HPL (Jager)...,https://vinhphuc.work/cong-ty-co-phan-xnk-va-san-xuat-noi-that-hpl-jager-tuyen-nhan-vien-mua-hang.html,Nhà máy Sản Xuất Nội Thất cao cấp Jager,thỏa thuận,25/05/2022,KCN Bình Xuyên 1 - TT Hương Canh - Bình Xuyên - Vĩnh Phúc,"Công ty Cổ phần XNK và sản xuất Nội thất HPL (Jager)
Địa chỉ: KCN Bình Xuyên 1, TT Hương Canh, huyện Bình Xuyên, tỉnh Vĩnh Phúc
Điện thoại: 02473.088.338"
"Mobifone Khu vực 4 Việt Trì tuyển dụng Chuyên viên Kế toán,...",https://vinhphuc.work/mobifone-khu-vuc-4-viet-tri-tuyen-dung-chuyen-vien-ke-toan-chuyen-vien-khoi-kinh-doanh.html,Công ty Dịch vụ Mobifone,Thỏa thuận,Đến ngày 05/06/2022,"Tòa nhà Mobifone, đường Nguyễn Tất Thành, Khu Đồng Mạ, Tiên Cát, Việt Trì,...",
Công ty Cổ phần Hưng Thịnh Land Tuyển Nhân viên Kinh doanh...,https://vinhphuc.work/cong-ty-co-phan-hung-thinh-land-tuyen-nhan-vien-kinh-doanh-chuyen-du-an-tap-doan-2.html,Công ty Cổ phần Hưng Thịnh Land,Từ trên 8 triệu,Từ 25/05/2022,"SN 44S5, KĐT Chùa Hà Tiên, Xã Định Trung, Thành phố Vĩnh Yên, Tỉnh...",
Công ty TNHH Phúc Thành An Tuyển dụng Cán bộ vật tư...,https://vinhphuc.work/cong-ty-phuc-thanh-an-tuyen-dung-can-bo-vat-tu-cong-trinh.html,Công ty TNHH Phúc Thành An,Thỏa thuận,Từ 25/05/2022,"Số 11 đường Hoàng Diệu, TP.Vĩnh Yên, Tỉnh Vĩnh Phúc","Công ty TNHH Phúc Thành An
– Nộp hồ sơ trực tiếp: Số 11 đường Hoàng Diệu, TP.Vĩnh Yên, Tỉnh Vĩnh Phúc
• * Điện thoại: 0947.330.353 Ms Liên"
Công ty TNHH Phát triển THD Việt Nam Tuyển Nhân viên Lái...,https://vinhphuc.work/cong-ty-tnhh-phat-trien-thd-viet-nam-tuyen-nhan-vien-lai-xe.html,,Thỏa thuận,24/05/2022,"39-41 Mê Linh, Vĩnh Yên, Vĩnh Phúc",
"Công ty CPDV Công nghệ TSC Việt Nam Tuyển nhân viên IT,...",https://vinhphuc.work/cong-ty-cpdv-cong-nghe-tsc-viet-nam-tuyen-nhan-vien-it-it-helpdesk.html,Công ty CPDV Công nghệ TSC Việt Nam,6- 8 triệu,25/05/2022,Vĩnh Phúc,"Công ty CPDV Công nghệ TSC Việt Nam
Địa chỉ: SN 116 Tôn Đức Thắng, Khai Quang, Vĩnh Yên, Vĩnh Phúc
Điện thoại: 0931662331/ 0996.950.888"
Công ty TNHH JK Tech Việt Nam Tuyển dụng Nhân viên phiên...,https://vinhphuc.work/cong-ty-tnhh-jk-tech-viet-nam-tuyen-dung-nhan-vien-phien-dich-tieng-han.html,Công ty TNHH JK Tech Việt Nam,thỏa thuận,25/05/2022,"Công ty TNHH JK Tech Việt Nam- KCN Bá Thiện, Bình Xuyên, Vĩnh Phúc...","Công ty TNHH JK Tech Việt Nam
Địa chỉ:Công ty TNHH JK Tech Việt Nam, KCN Bá Thiện 1, Bình Xuyên, Vĩnh Phúc (cạnh Bang Joo)
Điện thoại: 0211.3899.125/ 0986207914 (zalo)"
Công ty Cổ phần Đầu tư VCI tuyển Kiểm toán nội bộ,https://vinhphuc.work/cong-ty-co-phan-dau-tu-vci-tuyen-kiem-toan-noi-bo.html,Công ty Cổ phần Đầu tư VCI,Thỏa thuận,24/05/2022,"83 Ngô Quyền- Thành phố Vĩnh Yên, T. Vĩnh Phúc.",
Công ty Cổ phần Toyo Taki Việt Nam Tuyển dụng mới,https://vinhphuc.work/cong-ty-co-phan-toyo-taki-viet-nam-tuyen-dung-moi.html,Công ty CP Toyo Taki Việt Nam,Thỏa thuận,Từ ngày 24/05/2022,Khu công nghiệp Khai Quang,
Công ty Cổ phần XNK và sản xuất Nội thất HPL (Jager)...,https://vinhphuc.work/cong-ty-co-phan-xnk-va-san-xuat-noi-that-hpl-jager-tuyen-dung-ke-toan-cong-no-tho-son-noi-that.html,Nhà máy Sản Xuất Nội Thất cao cấp Jager,8 - 10 triệu/tháng,24/05/2022,KCN Bình Xuyên 1 - TT Hương Canh - Bình Xuyên - Vĩnh Phúc,"Công ty Cổ phần XNK và sản xuất Nội thất HPL (Jager)
Địa chỉ: KCN Bình Xuyên 1, TT Hương Canh, huyện Bình Xuyên, tỉnh Vĩnh Phúc
Điện thoại: 02473.088.338"
Chi nhánh Kỹ thuật Viettel Vĩnh Phúc Tuyển dụng Nhân viên tổ...,https://vinhphuc.work/chi-nhanh-ky-thuat-viettel-vinh-phuc-tuyen-dung-nhan-vien-to-chuc-hanh-chinh.html,Chi nhánh Kỹ thuật Viettel Vĩnh Phúc,Thỏa thuận,24/05/2021,"Tầng 3 Tòa nhà Viettel Vĩnh Phúc, KĐT Chùa Hà, Định Trung, TP Vĩnh...",
Chi nhánh Công ty De Heus Vĩnh Phúc Tuyển Nhân viên Lái...,https://vinhphuc.work/chi-nhanh-cong-ty-de-heus-vinh-phuc-tuyen-nhan-vien-lai-xe-nang.html,Công ty TNHH De Heus - CN Vĩnh Phúc,Từ trên 6 triệu,24/05/2022,"Lô G, Khu Công Nghiệp Bình Xuyên, Thị trấn Hương Canh, Huyện Bình Xuyên,...","Chi nhánh De Heus Vĩnh Phúc
Địa chỉ: Lô G, KCN Bình Xuyên 1, Bình Xuyên, Vĩnh phúc
Điện thoại: 02113 866 838 /0369828297"
"Công ty TNHH Công nghiệp Chính Đạt Tuyển Tổ trưởng KTSP, Nhân...",https://vinhphuc.work/cong-ty-tnhh-cong-nghiep-chinh-dat-tuyen-to-truong-ktsp-nhan-vien-ky-thuat-nv-kinh-doanh-cong-nhan-chinh-thuc.html,Công ty TNHH Công nghiệp Chính Đạt,Thỏa thuận,Từ 24/05/2022,"KCN Bình Xuyên, Thị trấn Đạo Đức, Huyện Bình Xuyên, Tỉnh Vĩnh Phúc","Công ty TNHH Công nghiệp Chính Đạt
Địa chỉ công ty: KCN Bình Xuyên, Thị trấn Đạo Đức, Huyện Bình Xuyên, Tỉnh Vĩnh Phúc
Điện thoại liên hệ: 0211.3593.357/0916.443.698 (Ms. Yến)"
Dược phẩm PHARMACITY Vĩnh Phúc tuyển dụng Dược sĩ bán hàng,https://vinhphuc.work/duoc-pham-pharmacity-vinh-phuc-tuyen-dung-duoc-si-ban-hang.html,CÔNG TY CP DƯỢC PHẨM PHARMACITY,Từ 8.000.000 trở lên,Hết hạn: 31/05/2022,"TP.Vĩnh Phúc, TP.Vĩnh Yên, H.Bình Xuyên",
Công ty TNHH Amo Vina Thông báo Tuyển Nhân viên Kế toán,https://vinhphuc.work/cong-ty-tnhh-amo-vina-thong-bao-tuyen-nhan-vien-ke-toan.html,Công ty TNHH AmoVina,Thỏa thuận khi phỏng vấn,30/01/2023,Công ty TNHH Amo Vina,"Công ty TNHH Amo Vina
Địa chỉ: Lô CN13, KCN Khai Quang, Phường Khai Quang, Thành phố Vĩnh Yên, tỉnh Vĩnh Phúc
Điện thoại: 02113.844.968"
Công ty TNHH Vina MC Infonics Tuyển 01 Nhân viên Mua hàng,https://vinhphuc.work/cong-ty-tnhh-vina-mc-infonics-tuyen-01-nhan-vien-mua-hang.html,Công ty TNHH Vina MC Infonics,Thỏa thuận,Từ 23/05/2022,"Công ty TNHH Vina MC Infonics; Lô B4-5-6, KCN Thăng Long Vĩnh Phúc, xã...","Công ty TNHH Vina MC Infonics
Địa chỉ: Công ty TNHH Vina MC Infonics; Lô B4-5-6, KCN Thăng Long Vĩnh Phúc, xã Thiện Kế, huyện Bình Xuyên
Điện thoại: 0211-359-2005"
Công ty TNHH AMO VINA tuyển dụng Nhân viên QC,https://vinhphuc.work/cong-ty-tnhh-amo-vina-tuyen-dung-nhan-vien-qc.html,Công ty TNHH AmoVina,Thỏa thuận khi phỏng vấn,23/05/2022,Công ty TNHH Amo Vina,"Công ty TNHH Amo Vina
Địa chỉ: Lô CN13, KCN Khai Quang, Phường Khai Quang, Thành phố Vĩnh Yên, tỉnh Vĩnh Phúc
Điện thoại: 02113.844.968"
Công ty TNHH Partron Vina tuyển dụng Nhân viên Kế toán,https://vinhphuc.work/cong-ty-tnhh-partron-vina-tuyen-dung-nhan-vien-ke-toan.html,Công ty TNHH Partron Vina,Thoả thuận,23/05/2022,"Khai Quang, Vĩnh Yên",
Công ty TNHH SX TM & XD Bảo Sơn(Sơn JYKA) Tuyển Kế...,https://vinhphuc.work/cong-ty-tnhh-sx-tm-xd-bao-sonson-jyka-tuyen-ke-toan-ban-hang.html,Công ty TNHH SX TM và XD Bảo Sơn (Hãng sơn JYKA),Thỏa Thuận,23/05/2022 - 23/06/2022,KCN Bá Thiện - Bình Xuyên - Vĩnh Phúc (Ngã 3 Đại Lải đường...,"Công ty TNHH SX TM & XD Bảo Sơn (Sơn JYKA) Địa chỉ: KCN Bá Thiện, Bình Xuyên, Vĩnh Phúc. Điện thoai: 0989.528.196"
Công ty TNHH MTV Ô tô Trường Hải Vĩnh Phúc còn tuyển...,https://vinhphuc.work/cong-ty-tnhh-mtv-o-to-truong-hai-vinh-phuc-con-tuyen-cac-vi-tri-thang-05-2022.html,Công ty Cổ Phần Ôtô Trường Hải,Thỏa thuận,Đến 30/06/2022,SR Kia – Mazda – Puegeot Vĩnh Yên (Bên cạnh BigC Vĩnh Yên).,
Công ty TNHH Thương mại Khánh Hà Tuyển dụng Nhân viên Kế...,https://vinhphuc.work/cong-ty-tnhh-thuong-mai-khanh-ha-tuyen-dung-nhan-vien-ke-toan-nv-maketting-online.html,Công ty TNHH Thương mại Khánh Hà,Thỏa thuận,Từ 21/05/2022,"Đồi Ấm, Việt Xuân, Vĩnh Tường, Vĩnh Phúc","Công ty TNHH Thương mại Khánh Hà
Địa chỉ: Đồi Ấm, Việt Xuân, Vĩnh Tường, Vĩnh Phúc
Điện thoại: 0948.752.999"
Công ty TNHH UUL LIGHT tuyển dụng Nhân viên OQC,https://vinhphuc.work/cong-ty-tnhh-uul-light-tuyen-dung-nhan-vien-oqc.html,Công ty TNHH UUL LIGHT,Thỏa thuận,21/05/2022,"Công ty TNHH UUL LIGHT, Cụm KTXH Hợp Thịnh, Hợp Thịnh, Tam Dương, Vĩnh...","Công ty TNHH UUL LIGHT
Địa chỉ:Công ty TNHH UUL LIGHT, Cụm KTXH Hợp Thịnh, Hợp Thịnh, Tam Dương, Vĩnh Phúc
Điện thoại:02113825699"
Công ty Cổ phần Đầu tư VCI tuyển dụng Chuyên viên Nhân...,https://vinhphuc.work/cong-ty-co-phan-dau-tu-vci-tuyen-dung-chuyen-vien-nhan-su.html,Công ty Cổ phần Đầu tư VCI,8-9 triệu/tháng,đến hết ngày 15/06/2022,"83 Ngô Quyền- Thành phố Vĩnh Yên, T. Vĩnh Phúc.",
Công ty Cổ phần Hưng Thịnh Land Tuyển Nhân viên Kinh doanh...,https://vinhphuc.work/cong-ty-co-phan-hung-thinh-land-tuyen-nhan-vien-kinh-doanh-chuyen-du-an-tap-doan.html,Công ty Cổ phần Hưng Thịnh Land,Thỏa thuận,Từ 21/05/2022,"SN 44S5, KĐT Chùa Hà Tiên, Xã Định Trung, Thành phố Vĩnh Yên, Tỉnh...",
Công ty TNHH Hirota Precision Việt Nam (Vĩnh Phúc) tuyển dụng Trưởng...,https://vinhphuc.work/cong-ty-tnhh-hirota-precision-viet-nam-vinh-phuc-tuyen-dung-truong-bo-phan-kho.html,Công ty TNHH Hirota Precision Việt Nam,thỏa thuận,21/05/2022,"Lô CN11, KCN Khai Quang, phường Khai Quang, thành phố Vĩnh Yên, tỉnh Vĩnh...","Công ty TNHH Hirota Precision Việt Nam Địa chỉ: Lô CN11, KCN Khai Quang, phường Khai Quang, thành phố Vĩnh Yên, tỉnh Vĩnh Phúc Điện thoại: 02113712301 – 0972908134"
"Trung tâm thẩm mỹ Bác sỹ Tuấn Dương Tuyển Nhân viên TELESALES,...",https://vinhphuc.work/trung-tam-tham-my-bac-sy-tuan-duong-tuyen-nhan-vien-telesales-nhan-vien-media.html,Trung tâm thẩm mỹ Bác sỹ Tuấn Dương,Từ 10-30 triệu,Từ 20/05/2022,SN 78 Chu Văn An – Liên Bảo – Vĩnh Yên – Vĩnh Phúc,"Trung tâm thẩm mỹ Bác sỹ Tuấn Dương
Địa chỉ: SN 78 Chu Văn An – Liên Bảo – Vĩnh Yên – Vĩnh Phúc Hotline: Mr. Cương 0986.412.388 – 0961.886.656"
Công ty TNHH DH-ZYLE Vina Tuyển Phiên dịch tiếng Hàn,https://vinhphuc.work/cong-ty-tnhh-dh-zyle-vina-tuyen-phien-dich-tieng-han-3.html,Công ty TNHH DH-Zyle Vina,Thỏa thuận (9 - 12 triệu),23/05/2022,Lô 1- Cụm 17 - KCN Khai Quang - Khai Quang - Vĩnh Yên...,"Công ty TNHH DH-ZYLE Vina
Điện thoại: 0967712388
Địa chỉ: Lô 1,cụm 17, KCN Khai Quang – Khai Quang- Vĩnh Yên- Vĩnh Phúc ."
Công TNHH SAMYOUNG ELECTRONICS Việt Nam Tuyển Quản lý Kho,https://vinhphuc.work/cong-tnhh-samyoung-electronics-viet-nam-tuyen-quan-ly-kho.html,Công TNHH SAMYOUNG ELECTRONICS Việt Nam,thỏa thuận,các ngày trong tuần,"Lô P, KCN Bình Xuyên, Thị Trấn Hương Canh, Huyện Bình Xuyên, Tỉnh Vĩnh...","Công TNHH SAMYOUNG ELECTRONICS Việt Nam
Địa chỉ: Lô P, KCN Bình Xuyên, Thị Trấn Hương Canh, Huyện Bình Xuyên, Tỉnh Vĩnh Phúc
Mọi thắc mắc liên hệ: 02113.510.004 or Bích: 0974.011.294"
Công Ty TNHH Thương Mại Và Dịch Vụ Hoàng Anh Logistics Tuyển...,https://vinhphuc.work/cong-ty-tnhh-thuong-mai-va-dich-vu-hoang-anh-logistics-tuyen-nhan-vien-xuat-nhap-khau.html,Công Ty TNHH Thương Mại Và Dịch Vụ Hoàng Anh Logistics,6-15 triệu,23/05/2022,"KĐT Đồng Sơn, Tp Phúc Yên, tỉnh Vĩnh Phúc","Công Ty TNHH Thương Mại Và Dịch Vụ Hoàng Anh Logistics
Địa chỉ: KĐT Đồng Sơn, Tp Phúc Yên, Tỉnh Vĩnh Phúc
Điện thoại:0974546138"
Công ty TNHH Cơ Khí Chính Xác và TM Nguyên Linh Tuyển...,https://vinhphuc.work/cong-ty-tnhh-co-khi-chinh-xac-va-tm-nguyen-linh-tuyen-nhan-vien-thiet-ke-nhan-vien-qc.html,Công ty TNHH Cơ Khí Chính Xác và TM Nguyên Linh,Thỏa thuận,19/05/2022,Khu Mậu Thông - Khai Quang - Vĩnh Yên - Vĩnh Phúc,"Công ty TNHH Cơ Khí Chính Xác và TM Nguyên Linh Địa chỉ:  Khu Mậu Thông, Khai Quang, Vĩnh Yên, Vĩnh Phúc Liên hệ: 0327.776288 or 02113.696187 (Nhân sự)"
Công ty TNHH KPM TECH VINA Tuyển Kế toán Kho,https://vinhphuc.work/cong-ty-tnhh-kpm-tech-vina-tuyen-ke-toan-kho.html,Công ty TNHH KPM TECH VINA,Thỏa thuận,Từ 19/05/2022,"Khu Công nghiệp Bình Xuyên 1, Bình Xuyên, Vĩnh Phúc","Công ty TNHH KPM TECH VINA
Điện thoại: 0344 602 603
Địa chỉ: Khu Công nghiệp Bình Xuyên 1, Bình Xuyên, Vĩnh Phúc"
Công ty TNHH B&B Tech Vina Tuyển dụng Kế toán Trưởng,https://vinhphuc.work/cong-ty-tnhh-bb-tech-vina-tuyen-dung-ke-toan-truong.html,,Thỏa thuận,19/05/2022,"Lô I,  KCN Bình Xuyên, Hương Canh, Bình Xuyên, Vĩnh Phúc","Công ty TNHH B&B Tech Vina
Địa chỉ: Lô I,  KCN Bình Xuyên, Hương Canh, Bình Xuyên, Vĩnh Phúc
Điện thoại:08.68.943.441 hoặc 02113.888.838"
Công ty PIAGGIO Việt Nam Tuyển Kỹ thuật viên Hóa chất,https://vinhphuc.work/cong-ty-piaggio-viet-nam-tuyen-ky-thuat-vien-hoa-chat.html,Công ty TNHH PIAGGIO Việt Nam,Thỏa thuận,19/05/2022,Vĩnh Phúc,"Công ty PIAGGIO Việt Nam
Địa điểm làm việc: KCN Bình Xuyên, Vĩnh Phúc
Số điện thoại: 02113593666 (máy lẻ 202)"
Nhà máy Sujin Việt Nam Tuyển dụng Công nhân vận hành máy...,https://vinhphuc.work/nha-may-sujin-viet-nam-tuyen-dung-cong-nhan-van-hanh-may-lam-hanh-chinh.html,Nhà máy Sujin Việt Nam,THỏa thuận,19/05/2022,"Nhà máy Sujin Việt Nam - Phường Phúc Thắng, Phúc Yên, Vĩnh Phúc","Nhà máy Sujin Việt Nam
Địa chỉ: phường Phúc Thắng, thành phố Phúc Yên, tỉnh Vĩnh Phúc (Gần cổng khu đô thị TMS)
Điện thoại:02113 869 898/ 0211 3721 335"
"Trung tâm Anh ngữ English Express Tuyển dụng Nhân viên đào tạo,...",https://vinhphuc.work/trung-tam-anh-ngu-english-express-tuyen-dung-nhan-vien-dao-tao-nhan-vien-tu-van-dao-tao-nhan-vien-ke-toan.html,Trung tâm Anh ngữ English Express,6-10 triệu,18/5/2022,Yên Lạc hoặc Vĩnh Yên - Vĩnh Phúc,"Trung tâm Anh ngữ English Express
– Fanpage: facebook.com/englishexpresssystem. – Hoặc Nộp trực tiếp tại trung tâm: 33 chùa Hà (đường gốc Vừng), Vĩnh Yên, Vĩnh Phúc. – Điện thoại: 0868840793 Địa chỉ: CS1: Số 33 phố Chùa Hà, thành phố Vĩnh Yên, tỉnh Vĩnh Phúc. CS2: Khu 11, Phố Lồ, Nguyệt Đức, Yên Lạc, Vĩnh Phúc"
"Công ty TNHH Sunshine Electronics Việt Nam tuyển Tổ trưởng sản xuất,...",https://vinhphuc.work/cong-ty-tnhh-sunshine-electronics-viet-nam-tuyen-to-truong-san-xuat-nhan-vien-xuat-nhap-khau.html,Công ty TNHH Sunshine Electronics,Thỏa thuận,18/05/2022,"Lô CN 07-3, Khu công nghiệp Bình Xuyên II, Thị trấn Bá Hiến, Huyện...",Công ty TNHH Sunshine Electronics Việt Nam
Công ty TNHH LS Communication Vina Tuyển Nhân viên Kế hoạch sản...,https://vinhphuc.work/cong-ty-tnhh-ls-communication-vina-tuyen-nhan-vien-ke-hoach-san-xuat.html,Công ty TNHH LS Communication Vina,Thỏa thuận,18/05/2022,Khu công nghiệp Bá Thiện – Bình Xuyên – Vĩnh Phúc,
Công ty TNHH Good Paper Packaging Industrial Việt Nam Tuyển Trưởng phòng...,https://vinhphuc.work/cong-ty-tnhh-good-paper-packaging-industrial-viet-nam-tuyen-truong-phong-ke-hoach-san-xuat.html,Công ty TNHH Good Paper Packaging Industrial Việt Nam,Thỏa thuận,18/05/2021,"Lô D8-3, KCN Bá Thiện2, Thiện Kế, Bình Xuyên, Vĩnh Phúc","Công ty TNHH Good Paper Packaging Industrial Việt Nam
Địa chỉ:Lô D8-3, KCN Bá Thiện2, Thiện Kế, Bình Xuyên, Vĩnh Phúc
Điện thoại: 02113886031"
Công ty TNHH MTV Golden Lake Club Enterprise Việt Nam Tuyển NV...,https://vinhphuc.work/cong-ty-tnhh-mtv-golden-lake-club-enterprise-viet-nam-tuyen-nv-ke-toan-thue-nv-thu-ngan-nv-phuc-vu-an-ninh-nha-bep.html,Công ty TNHH MTV Golden Lake Club Enterprise Việt Nam,Thỏa thuận,Từ 18/05/2022,"Số 1D Đường Kim Ngọc, Phường Tích Sơn, TP Vĩnh Yên, Tỉnh Vĩnh Phúc","Công ty TNHH MTV Golden Lake Club Enterprise Việt Nam
Địa chỉ: Số 1D Đường Kim Ngọc, Phường Tích Sơn, TP Vĩnh Yên, Tỉnh Vĩnh Phúc
Điện thoại: 0973.794.984"
Công ty TNHH Công nghiệp Chính Đạt Tuyển mới tới 07 vị...,https://vinhphuc.work/cong-ty-tnhh-cong-nghiep-chinh-dat-tuyen-moi-toi-07-vi-tri.html,Công ty TNHH Công nghiệp Chính Đạt,Thỏa thuận,Từ 18/05/2022,"KCN Bình Xuyên, Thị trấn Đạo Đức, Huyện Bình Xuyên, Tỉnh Vĩnh Phúc","Công ty TNHH Công nghiệp Chính Đạt
Địa chỉ công ty: KCN Bình Xuyên, Thị trấn Đạo Đức, Huyện Bình Xuyên, Tỉnh Vĩnh Phúc
Điện thoại liên hệ: 0211.3593.357/0916.443.698 (Ms. Yến)"
Công ty TNHH SUNGJIN VINA Tuyển Kỹ sư cơ khí  Lương...,https://vinhphuc.work/cong-ty-tnhh-sungjin-vina-tuyen-ky-su-co-khi-luong-thuong-muc-cao.html,Công Ty TNHH Sungjin Vina,thỏa thuận,Từ 18/05/2022,"Nhà xưởng số 3, Lô CN 12, Khu công nghiệp Khai Quang – Phường...","Công ty TNHH SUNGJIN VINA
Địa chỉ: Nhà xưởng số 3, Lô CN 12, Khu công nghiệp Khai Quang – Phường Khai Quang – Thành phố Vĩnh Yên – Vĩnh Phúc
Điện thoại: 0856776679"
Công ty TNHH MTV Ô tô Trường Hải Vĩnh Phúc Tuyển Trưởng...,https://vinhphuc.work/cong-ty-tnhh-mtv-o-to-truong-hai-vinh-phuc-tuyen-truong-phong-ke-hoachtu-van-ban-hang-ky-thuat-vien-tap-vu-bao-ve.html,Công ty Cổ Phần Ôtô Trường Hải,Thỏa thuận,Từ 17/05/2022,SR Kia – Mazda – Puegeot Vĩnh Yên (Bên cạnh BigC Vĩnh Yên).,
Công ty Cổ Phần Kioway Tuyển Nhân viên Hành chính Nhân sự,https://vinhphuc.work/cong-ty-co-phan-kioway-tuyen-nhan-vien-hanh-chinh-nhan-su.html,Công ty Cổ phần Kioway,Thỏa thuận,18/05/2022,Tầng 6- tòa nhà Kioland- KĐT Đồng Sơn- Phúc Yên-Vĩnh Phúc,
Công ty TNHH Tư vấn Luật Trường Thành Tuyển Nhân viên Pháp...,https://vinhphuc.work/cong-ty-tnhh-tu-van-luat-truong-thanh-tuyen-nhan-vien-phap-ly.html,,Thỏa thuận,Từ 17/05/2022,"Số 05, Lô 06, Đường Lý Nam Đế, Phường Khai Quang, Thành phố Vĩnh...","Công ty TNHH Tư vấn Luật Trường Thành
Địa chỉ:  Số 05, Lô 06, Đường Lý Nam Đế, Phường Khai Quang, Thành phố Vĩnh Yên, Tỉnh Vĩnh Phúc, Việt Nam
Điện thoại: 0989576868 – 0988168369"
Công ty Luật TNHH Hùng Phúc Tuyển Chuyên viên Marketing,https://vinhphuc.work/cong-ty-luat-tnhh-hung-phuc-tuyen-chuyen-vien-marketing.html,Công ty Luật TNHH Hùng Phúc,Thỏa thuận,17/05/2022-17/10/2022,"CN 84 Nguyễn Thị Minh Khai, Hội Hộp, Vĩnh Yên, Vĩnh Phúc","Công ty Luật TNHH Hùng Phúc
Địa chỉ: SN 89 Trần Phú, Liên Bảo, Vĩnh Yên, Vĩnh Phúc
Điện thoại: 0936421421"
Công ty TNHH KCN Thăng Long Vĩnh Phúc Tuyển Nhân viên phòng...,https://vinhphuc.work/cong-ty-tnhh-kcn-thang-long-vinh-phuc-tuyen-nhan-vien-phong-he-thong-dien.html,Công ty TNHH KCN Thăng Long Vĩnh Phúc,Lương khởi điểm: 6.220.000đ,Từ 17/05/2022,"Nhà điều hành KCN Thăng Long Vĩnh Phúc, xã Thiện Kế, huyện Bình Xuyên,...",Công ty TNHH KCN Thăng Long Vĩnh Phúc Địa điểm làm việc: KCN Thăng Long Vĩnh Phúc – xã Thiện Kế – huyện Bình Xuyên – tỉnh Vĩnh Phúc Điện thoại: 02113 888 688/107
"Công ty TNHH Faindsooc Tuyển Nhân viên Hành chính Nhân sự, Nhân...",https://vinhphuc.work/cong-ty-tnhh-faindsooc-tuyen-nhan-vien-hanh-chinh-nhan-su-nhan-vien-xuat-nhap-khau.html,,Thỏa thuận,Từ 16/05/2022,"Lô E-2A KCN Thăng Long, Xã Thiện Kế, Huyện Bình Xuyên, Tỉnh Vĩnh Phúc","Công ty TNHH Faindsooc
Địa chỉ: Lô E-2A KCN Thăng Long, Xã Thiện Kế, Huyện Bình Xuyên, Tỉnh Vĩnh Phúc
Điện thoại: 0976660105"
Công ty TNHH Key Technology Hà Nội Tuyển Nhân viên Kiểm tra...,https://vinhphuc.work/cong-ty-tnhh-key-technology-ha-noi-tuyen-nhan-vien-kiem-tra-chat-luong-san-pham.html,Công ty TNHH KEY TECHNOLOGY Hà Nội,Thỏa thuận,Từ 16/05/2022,"P214- Tòa nhà điều hành KCN Thăng Long- Thiện Kế, Bình Xuyên, Vĩnh Phúc","Công ty TNHH Key Technology Hà Nội
Địa chỉ: P214 – Tòa nhà điều hành KCN Thăng Long- Thiện Kế, Bình Xuyên, Vĩnh Phúc
Điện thoại :02113.789.777"
Công ty Cổ phần Toyo Taki Việt Nam Tuyển dụng nhiều vị...,https://vinhphuc.work/cong-ty-co-phan-toyo-taki-viet-nam-tuyen-dung-nhieu-vi-tri-tot.html,Công ty CP Toyo Taki Việt Nam,Thỏa thuận,Từ ngày 17/05/2022,Khu công nghiệp Khai Quang,
Công ty TNHH Tư vấn ASC Hana Tuyển Chuyên viên Tư vấn...,https://vinhphuc.work/cong-ty-tnhh-tu-van-asc-hana-tuyen-chuyen-vien-tu-van-moi-truong-ky-su-cong-nghe-moi-truong.html,Công ty TNHH Tư vấn ASC Hana,Thoả thuận,Từ 16/04/2022,"Đ. Trần Phú, P. Liên Bảo, Tp. Vĩnh Yên","Công ty TNHH Tư vấn ASC Hana
Địa chỉ: Số nhà 12c, ngõ 14 ngách 4 Đ. Trần Phú, P. Liên Bảo, TP. Vĩnh Yên, Vĩnh Phúc
Điện thoại : asc.hanaconsultant@gmail.com"
Công ty TNHH HJC Việt Nam Tuyển nhân viên Cơ Điện,https://vinhphuc.work/cong-ty-tnhh-hjc-viet-nam-tuyen-nhan-vien-co-dien.html,Công ty TNHH HJC Việt Nam,Từ 8 đến 12 tr,24/05/2022,Công ty TNHH HJC Việt Nam,"Công ty TNHH HJC Việt Nam
Địa chỉ: KCN Khai Quang Vĩnh Yên Vĩnh Phúc
Điện thoại: 0974505426"
Công ty TNHH HJC Việt Nam Tuyển dụng Nhân Viên IT,https://vinhphuc.work/cong-ty-tnhh-hjc-viet-nam-tuyen-dung-nhan-vien-it.html,Công ty TNHH HJC Việt Nam,Từ 8 đến 12 tr,16/05/2022,Công ty TNHH HJC Việt Nam,"Công ty TNHH HJC Việt Nam
Địa chỉ: KCN Khai Quang Vĩnh Yên Vĩnh Phúc
Điện thoại: 0974505426"
Công ty TNHH SUZUKAKU Việt Nam tuyển 01 Công nhân đóng gói...,https://vinhphuc.work/cong-ty-tnhh-suzukaku-viet-nam-tuyen-01-cong-nhan-dong-goi-san-pham.html,Công ty TNHH SUZUKAKU VIỆT NAM,Thỏa thuận,16/05/2022,"Lô B7, B8-1 KCN Bá Thiện II, xã Thiện Kế, huyện Bình Xuyên, Vĩnh...",Công ty TNHH SUZUKAKU Việt Nam
"Công ty TNHH UUL LIGHT tuyển dụng Quản lý QC, Nhân viên...",https://vinhphuc.work/cong-ty-tnhh-uul-light-tuyen-dung-quan-ly-qc-nhan-vien-pqc.html,Công ty TNHH UUL LIGHT,Thảo thuận,16/05/2022,"Cụm KTXH Hợp Thịnh, Xã Hợp Thịnh, Huyện Tam Dương, Tỉnh Vĩnhh Phúc",
"Nhà máy Sujin Việt Nam Tuyển Công nhân Hàn xì, Công nhân...",https://vinhphuc.work/nha-may-sujin-viet-nam-tuyen-cong-nhan-han-xi-cong-nhan-van-hanh-may-lam-hanh-chinh.html,Nhà máy Sujin Việt Nam,THỏa thuận,16/05/2022,"Nhà máy Sujin Việt Nam - Phường Phúc Thắng, Phúc Yên, Vĩnh Phúc","Nhà máy Sujin Việt Nam
Địa chỉ: phường Phúc Thắng, thành phố Phúc Yên, tỉnh Vĩnh Phúc (Gần cổng khu đô thị TMS)
Điện thoại:02113 869 898/ 0211 3721 335"
Công ty Cổ phần Hưng Thịnh Land Tuyển Nhân viên Kinh doanh...,https://vinhphuc.work/cong-ty-co-phan-hung-thinh-land-tuyen-nhan-vien-kinh-doanh-chuyen-du-an-cua-tap-doan.html,Công ty Cổ phần Hưng Thịnh Land,Thỏa thuận,Từ 21/05/2022,"SN 44S5, KĐT Chùa Hà Tiên, Xã Định Trung, Thành phố Vĩnh Yên, Tỉnh...",
Trung Tâm ETINA Tuyển dụng giáo viên tiếng anh đi làm ngay,https://vinhphuc.work/trung-tam-etina-tuyen-dung-giao-vien-tieng-anh-di-lam-ngay.html,Trung tâm Anh ngữ Etina,Lương: 7 - 15 triệu + thưởng,Nhận ngay,Trung tâm Anh Ngữ ETINA - Đối diện UBND xã Vĩnh Thịnh - Vĩnh...,
Tuyển dụng nhân viên tư vấn tuyển sinh đi làm ngay tại...,https://vinhphuc.work/tuyen-dung-nhan-vien-tu-van-tuyen-sinh-di-lam-ngay-tai-etina.html,Trung tâm Anh ngữ Etina,LCB thỏa thuận hấp dẫn + Thưởng% ds,Nhận ngay,Trung tâm Anh Ngữ ETINA - Đối diện UBND xã Vĩnh Thịnh - Vĩnh...,
Công ty Cổ Phần Tư vấn và Đại lý thuế Việt Nam...,https://vinhphuc.work/cong-ty-co-phan-tu-van-va-dai-ly-thue-viet-nam-tuyen-ke-toan-tong-hop.html,Công ty Cổ Phần Tư vấn và Đại lý thuế Việt Nam,Thỏa thuận,Từ 14/05/2022,"Số 5, ngõ 9 đường Lam Sơn, Tích Sơn, Vĩnh Yên, Vĩnh Phúc",
Công ty TNHH Điện tử Daesung Vina Tuyển Phiên dịch tiếng Hàn,https://vinhphuc.work/cong-ty-tnhh-dien-tu-daesung-vina-tuyen-phien-dich-tieng-han.html,Công ty TNHH Điện tử Daesung Vina,Thỏa thuận,Từ 14/05/2022,"KCN Bá Thiện 1, Bình Xuyên, Vĩnh Phúc","Công ty TNHH Điện tử Daesung Vina
SĐT: 0971862440 để biết thêm thông tin.
Địa chỉ công ty: Công ty TNHH Daesung – KCN Bá Thiện 1, Bình Xuyên, Vĩnh Phúc"
Công ty TNHH Good Paper Packaging Industrial Việt Nam Tuyển Nhân viên...,https://vinhphuc.work/cong-ty-tnhh-good-paper-packaging-industrial-viet-nam-tuyen-nhan-vien-kho.html,Công ty TNHH Good Paper Packaging Industrial Việt Nam,Thỏa thuận,Từ 14/05/2022,"Lô D8-3, KCN Bá Thiện2, Thiện Kế, Bình Xuyên, Vĩnh Phúc","Công ty TNHH Good Paper Packaging Industrial Việt Nam
Địa chỉ: Lô D8-3, KCN Bá Thiện2, Thiện Kế, Bình Xuyên, Vĩnh Phúc
Điện thoại: 036.3322.417/0888.678.855"
"Công ty TNHH Kohsei multipack Việt Nam tuyển dụng Lái xe nâng,...",https://vinhphuc.work/cong-ty-tnhh-kohsei-multipack-viet-nam-tuyen-dung-lai-xe-nang-tho-dien.html,Công ty TNHH Kohsei Multipack Việt Nam,Thỏa thuận,Từ 04/06/2022,KCN Bình Xuyên 1 -Bình Xuyên - Vĩnh Phúc,"Công ty TNHH Kohsei multipack Việt Nam
Địa chỉ: Lô C -KCN Bình Xuyên – Sơn Lôi -Bình Xuyên -Vĩnh Phúc
Điện thoại: 0888857955"
Công ty TNHH Công nghệ điện tử Haojida Việt Nam Tuyển Trưởng...,https://vinhphuc.work/cong-ty-tnhh-cong-nghe-dien-tu-haojida-viet-nam-tuyen-truong-phong-qc.html,Công ty TNHH Công nghệ điện tử Haojida Việt Nam,Thỏa thuận,13/05/2022,Công ty TNHH Công nghệ điện tử Haojida Việt Nam,Công ty TNHH Công nghệ điện tử Haojida Việt Nam Địa chỉ: Đồi Me – Yên Lập – Vĩnh Tường – Vĩnh Phúc Điện thoại:02113822261
"Công ty Cổ Phần Kioway Tuyển Nhân viên Kế hoạch, Quản lý...",https://vinhphuc.work/cong-ty-co-phan-kioway-tuyen-nhan-vien-ke-hoach-quan-ly-nhom-chung-tu.html,Công ty Cổ phần Kioway,Thỏa thuận,13/05/2022,Tầng 6- tòa nhà Kioland- KĐT Đồng Sơn- Phúc Yên-Vĩnh Phúc,
"Công ty Cổ phần Hưng Thịnh Land Tuyển Trưởng phòng Kinh doanh,...",https://vinhphuc.work/cong-ty-co-phan-hung-thinh-land-tuyen-truong-phong-kinh-doanh-nv-ke-toan-nv-it-nhan-vien-kinh-doanh-du-an.html,Công ty Cổ phần Hưng Thịnh Land,Thỏa thuận,Từ 12/05/2022,"SN 44S5, KĐT Chùa Hà Tiên, Xã Định Trung, Thành phố Vĩnh Yên, Tỉnh...",
Công ty TNHH Vina Anydo Eletronics tuyển Nhân viên Kế toán,https://vinhphuc.work/cong-ty-tnhh-vina-anydo-eletronics-tuyen-nhan-vien-ke-toan.html,Công ty TNHH Vina Anydo Eletronics,Thỏa thuận,12/5/2022,"Khu công nghiệp Bình Xuyên, Thị trấn Hương Canh, Huyện Bình Xuyên, Tỉnh Vĩnh...","Công ty TNHH Vina Anydo Electronics
Điện thoại: Phương – 0363 253 992 hoặc  02113 866 877 Địa chỉ: KCN Bình Xuyên, TT Hương Canh, Huyện Bình Xuyên, Tỉnh Vĩnh Phúc."
Công ty Cổ phần Dược phẩm Vĩnh Phúc Tuyển NV kiểm soát...,https://vinhphuc.work/cong-ty-co-phan-duoc-pham-vinh-phuc-tuyen-nv-kiem-soat-qua-trinh-san-xuat-ipc.html,Công ty Cổ phần Dược phẩm Vĩnh Phúc,7-10 triệu,13/05/2022,Công ty Cổ phần Dược phẩm Vĩnh Phúc,"Công ty Cổ phần Dược phẩm Vĩnh Phúc
Địa chỉ: 777 Mê Linh – Khai Quang – Vĩnh Phúc
Điện thoại:0962905211"
Công ty TNHH SUNGJIN VINA Thông báo Tuyển dụng mới,https://vinhphuc.work/cong-ty-tnhh-sungjin-vina-thong-bao-tuyen-dung-moi.html,Công Ty TNHH Sungjin Vina,thỏa thuận,từ 12/05/2022,"Nhà xưởng số 3, Lô CN 12, Khu công nghiệp Khai Quang – Phường...","Công ty TNHH SUNGJIN VINA
Địa chỉ: Nhà xưởng số 3, Lô CN 12, Khu công nghiệp Khai Quang – Phường Khai Quang – Thành phố Vĩnh Yên – Vĩnh Phúc
Điện thoại: 0856776679"
Công ty TNHH SX TM và XD Bảo Sơn (Hãng sơn JYKA)...,https://vinhphuc.work/cong-ty-tnhh-sx-tm-va-xd-bao-son-hang-son-jyka-tuyen-moi-nhan-vien-nhan-su.html,Công ty TNHH SX TM và XD Bảo Sơn (Hãng sơn JYKA),Thỏa thuận,Từ 12/05/2022,"KCN Bá Thiện, Bình Xuyên, Vĩnh Phúc.","Công ty TNHH SX TM & XD Bảo Sơn (Sơn JYKA) Địa chỉ: KCN Bá Thiện, Bình Xuyên, Vĩnh Phúc. Điện thoai: 0989.528.196"
Công ty TNHH MTV Golden Lake Club Enterprise Việt Nam Tuyển Nhân...,https://vinhphuc.work/cong-ty-tnhh-mtv-golden-lake-club-enterprise-viet-nam-tuyen-nhan-vien-ke-toan-thue-nhan-vien-thu-ngan-nhan-vien-phuc-vu.html,,Thỏa thuận,Từ 12/05/2022,"Số 1D Đường Kim Ngọc, Phường Tích Sơn, TP Vĩnh Yên, Tỉnh Vĩnh Phúc","Công ty TNHH MTV Golden Lake Club Enterprise Việt Nam
Địa chỉ: Số 1D Đường Kim Ngọc, Phường Tích Sơn, TP Vĩnh Yên, Tỉnh Vĩnh Phúc
Điện thoại: 0973.794.984"
Công ty TNHH MTV Ô tô Trường Hải Vĩnh Phúc Tuyển nhiều...,https://vinhphuc.work/cong-ty-tnhh-mtv-o-to-truong-hai-vinh-phuc-tuyen-nhieu-vi-tri-luong-thuong-rat-tot.html,Công ty Cổ Phần Ôtô Trường Hải,Thỏa thuận,Đến 15/06/2022,SR Kia – Mazda – Puegeot Vĩnh Yên (Bên cạnh BigC Vĩnh Yên).,
"Điện máy Tuấn Liên Tuyển Nhân viên Kế toán, Kế toán bán...",https://vinhphuc.work/dien-may-tuan-lien-tuyen-nhan-vien-ke-toan-ke-toan-ban-hang.html,Điện máy Tuấn Liên,Thỏa thuận,Từ 11/05/2022,"Số 309-311 đường Hùng Vương, Tích Sơn, TP Vĩnh Yên, Tỉnh Vĩnh Phúc",
Công ty TNHH Sản xuất Quạt CN TH Vinasun Tuyển Nhân viên...,https://vinhphuc.work/cong-ty-tnhh-san-xuat-quat-cn-th-vinasun-tuyen-nhan-vien-ky-thuat-co-khi.html,Công Ty TNHH TH Vinasun Vietnam,Thỏa thuận,Từ 11/05/2022,"KCN Bình Xuyên 1, Bình Xuyên, Vĩnh Phúc","Công ty TNHH Sản xuất Quạt CN TH Vinasun
Địa chỉ: KCN Bình Xuyên 1, Bình Xuyên, Vĩnh Phúc
Điện thoại: 0968886538"
Trung tâm ngoại ngữ Talent Q tuyển thu ngân,https://vinhphuc.work/trung-tam-ngoai-ngu-talent-q-tuyen-thu-ngan.html,Trung tâm ngoại ngữ Talent Q,Thỏa thuận,Đi làm ngay,Vĩnh Yên,
Tuyển dụng nhân viên kinh doanh tại Công ty TNHH XD và...,https://vinhphuc.work/tuyen-dung-nhan-vien-kinh-doanh-tai-cong-ty-tnhh-xd-va-dich-vu-tm-cao-phong.html,Công ty TNHH XD và Dịch vụ TM Cao Phong,Mức lương 7-15tr,Từ ngày 10/05,"321 Mê Linh, Liên Bảo, Vĩnh Yên, Vĩnh Phúc",
Công ty TNHH DH ZYLE VINA Tuyển Quản lý sản xuất,https://vinhphuc.work/cong-ty-tnhh-dh-zyle-vina-tuyen-quan-ly-san-xuat.html,Công ty TNHH DH-Zyle Vina,Thỏa thuận,10/5/2022,Lô 1- Cụm 17 - KCN Khai Quang - Khai Quang - Vĩnh Yên...,"Công ty TNHH DH ZYLE VINA
Địa chỉ: Lô 1-Cụm 17-KCN Khai Quang- Vĩnh Yên- Vĩnh Phúc
Điện thoại: 0967712388 – 02113 722 555 (104)"
Công ty TNHH HG Mould Ent VN Tuyển dụng Nhân viên ISO...,https://vinhphuc.work/cong-ty-tnhh-hg-mould-ent-vn-tuyen-dung-nhan-vien-iso-phong-chat-luong.html,Công ty TNHH HG Mould Ent Việt Nam,Thỏa thuận,25/5/2022,"Đ/c: Lô C-13, Khu CN Thăng Long Vĩnh Phúc, Xã Thiện Kế, Huyện Bình...",
Công ty TNHH MTV Golden Lake Club Enterprise Việt Nam Tuyển Nhân...,https://vinhphuc.work/cong-ty-tnhh-mtv-golden-lake-club-enterprise-viet-nam.html,,Thỏa thuận,Từ 09/05/2022,"Số 1D Đường Kim Ngọc, Phường Tích Sơn, TP Vĩnh Yên, Tỉnh Vĩnh Phúc","Công ty TNHH MTV Golden Lake Club Enterprise Việt Nam
Địa chỉ: Số 1D Đường Kim Ngọc, Phường Tích Sơn, TP Vĩnh Yên, Tỉnh Vĩnh Phúc
Điện thoại: 0973.794.984"
Công ty TNHH Cơ Khí Chính Xác và TM Nguyên Linh Tuyển...,https://vinhphuc.work/cong-ty-tnhh-co-khi-chinh-xac-va-tm-nguyen-linh-tuyen-01-nhan-vien-van-phong.html,Công ty TNHH Cơ Khí Chính Xác và TM Nguyên Linh,Thỏa thuận,9/5/2022,"Khu Mậu Thông, Khai Quang, Vĩnh Yên, VP","Công ty TNHH Cơ Khí Chính Xác và TM Nguyên Linh Đ/c: Khu Mậu Thông, Khai Quang, Vĩnh Yên, VP Liên hệ: 0327.776288 or 02113.696187 (Nhân sự)"
Công ty Cổ phần Toyo Taki Việt Nam Tuyển dụng Nhân viên...,https://vinhphuc.work/cong-ty-co-phan-toyo-taki-viet-nam-tuyen-dung-nhan-vien-lai-xe.html,Công ty CP Toyo Taki Việt Nam,Thỏa thuận,Từ ngày 09/05/2022,Khu công nghiệp Khai Quang,
Khách sạn IREST COSMOPOLIS Tuyển dụng Nhân viên lễ tân,https://vinhphuc.work/khach-san-irest-cosmopolis-tuyen-dung-nhan-vien-le-tan.html,Khách sạn iRest COSMOPOLIS,7-9 triệu,9/5/2022,Vĩnh Yên,"Khách sạn IREST COSMOPOLIS
Ms Phương Anh – 0965 890 069 Địa chỉ: Đường Ngô Gia Tự – Thành phố Vĩnh Yên – Tỉnh Vĩnh Phúc."
Phòng khám Đa khoa Hà Thành tuyển Kế toán và nhiều vị...,https://vinhphuc.work/phong-kham-da-khoa-ha-thanh-tuyen-ke-toan-va-nhieu-vi-tri-y-te-khac.html,Phòng khám Đa khoa Hà Thành,Thỏa thuận,Đi làm ngay,"Phúc Yên, Vĩnh Phúc",
Công ty taxi Thịnh Hưng Tuyển Nhân viên Kế toán nội bộ,https://vinhphuc.work/cong-ty-taxi-thinh-hung-tuyen-nhan-vien-ke-toan-noi-bo.html,Công ty taxi Thịnh Hưng,Thỏa thuận,Từ 09/05/2022,"Quất Lưu, Bĩnh Xuyên, Vĩnh Phúc",
Công ty TNHH Shinwon Ebenezer Việt Nam Tuyển Nhân viên Quản lý...,https://vinhphuc.work/cong-ty-tnhh-shinwon-ebenezer-viet-nam-tuyen-nhan-vien-quan-ly-chat-luong-nhan-vien-ke-toan.html,Công ty TNHH Shinwon Ebenezer Viet Nam,Thỏa thuận,7/5/2022,"CN14 , KCN Khai Quang , Thành phố Vĩnh Yên , Tỉnh Vĩnh Phúc","Công ty TNHH Shinwon Ebenezer Việt Nam
Địa chỉ : CN14 , KCN Khai Quang , Thành phố Vĩnh Yên , Tỉnh Vĩnh Phúc
Điện thoại: 0963.902.791 / 0211 3 728 206"
"Nhà hàng Bia Hà Phương Tuyển dụng Quản lý, Chăm sóc khách...",https://vinhphuc.work/nha-hang-bia-ha-phuong-tuyen-dung-quan-ly-cham-soc-khach-hang-thu-ngan-truong-ban-nhan-vien-theo-ca.html,Nhà hàng Bia Hà Phương,Thỏa thuận,Từ 07/05/2022,"Khu vườn Sim, Hương Canh, Bình Xuyên, Vĩnh Phúc","Nhà hàng Bia Hà Phương
Địa chỉ:Khu vườn Sim, Hương Canh, Bình Xuyên, Vĩnh Phúc
Điện thoại: A Khanh 0979431995"
Công ty TNHH Coasia Opitcs Vina tuyển Nhân viên IT,https://vinhphuc.work/cong-ty-tnhh-coasia-opitcs-vina-tuyen-nhan-vien-it.html,Công ty TNHH Coasia Optics Vina,Thỏa thuận,Từ 07/05/2022,"Bình Xuyên 2, Bá Hiến, Bình Xuyên, Vĩnh Phúc","Công ty TNHH Coasia Optics Vina
SĐT: 02113 592 730
Mail: Tuyendungcoasia@gmail.com"
Westlake Hotel and Resort Vĩnh Phúc tuyển Nhân viên Hành chính Nhân...,https://vinhphuc.work/westlake-hotel-and-resort-vinh-phuc-tuyen-nhan-vien-hanh-chinh-nhan-su.html,WESTLAKE HOTEL & RESORT Vĩnh Phúc,Thỏa thuận,7/5/2022,"1D Đường Kim Ngọc, Đống Đa, Vĩnh Yên, Vĩnh Phúc","Westlake Hotel and Resort Vĩnh Phúc
Địa chỉ: Khách sạn Westlake Hotel & Reasort Vĩnh Phúc. Số 1D, Kim Ngọc, Tích Sơn, Vĩnh Yên, Vĩnh Phúc.
Điện thoại liên hệ: 09789 14288 (Mrs Dung)"
"Công ty TNHH Thương mại Khánh Hà Tuyển Nhân viên Kế toán,...",https://vinhphuc.work/cong-ty-tnhh-thuong-mai-khanh-ha-tuyen-nhan-vien-ke-toan-nv-maketting-online.html,Công ty TNHH Thương mại Khánh Hà,Thỏa thuận,Từ 07/05/2022,"Đồi Ấm, Việt Xuân, Vĩnh Tường, Vĩnh Phúc","Công ty TNHH Thương mại Khánh Hà
Địa chỉ: Đồi Ấm, Việt Xuân, Vĩnh Tường, Vĩnh Phúc
Điện thoại: 0948.752.999"
Công ty TNHH MTV Ô tô Trường Hải Vĩnh Phúc Tuyển đến...,https://vinhphuc.work/cong-ty-tnhh-mtv-o-to-truong-hai-vinh-phuc-tuyen-den-11-vi-tri-moi.html,Công ty Cổ Phần Ôtô Trường Hải,Thỏa thuận,Từ 06/05/2022,SR Kia – Mazda – Puegeot Vĩnh Yên (Bên cạnh BigC Vĩnh Yên).,
Mobifone Khu vực 4 Việt Trì Tuyển Chuyên viên Khối Kinh doanh,https://vinhphuc.work/mobifone-khu-vuc-4-viet-tri-tuyen-chuyen-vien-khoi-kinh-doanh.html,Công ty Dịch vụ Mobifone,Thỏa thuận,Từ 07/05/2022,"Tòa nhà Mobifone, đường Nguyễn Tất Thành, Khu Đồng Mạ, Tiên Cát, Việt Trì,...",
Công Ty TNHH Power Logics Vina Tuyển  Dụng Nhân viên Kỹ...,https://vinhphuc.work/cong-ty-tnhh-power-logics-vina-tuyen-dung-nhan-vien-ky-thuat-thiet-bi.html,Công ty TNHH Power Logics Vina,Thoả thuận,31/12/2024,KCN Khai Quang,"Công ty TNHH  Power Logics Vina
Địa chỉ: KCN Khai Quang– Vĩnh Yên – Vĩnh Phúc
Điện thoại: 02113 565 222 (8333)"
Công ty Cerie Việt Nam Tuyển Nhân viên phòng IE,https://vinhphuc.work/cong-ty-cerie-viet-nam-tuyen-nhan-vien-phong-ie.html,Công ty TNHH Quốc Tế Cerie (Việt Nam),9-11tr,5/5/2022,"Lô N, KCN Bình Xuyên 1, Hương Canh, Bình Xuyên, Vĩnh Phúc",
Công ty TNHH DM VINA Tuyển Nhân viên QC,https://vinhphuc.work/cong-ty-tnhh-dm-vina-tuyen-nhan-vien-qc.html,Công ty TNHH DM VINA,Thỏa thuận,5/5/2022,"Công ty TNHH DM VINA, Lô CN07, KCN Bình Xuyên 2, Vĩnh Phúc",
Công ty MITSUBOSHI FORMING VIỆT NAM Tuyển Trợ lý Mua hàng,https://vinhphuc.work/cong-ty-mitsuboshi-forming-viet-nam-tuyen-tro-ly-mua-hang.html,Công ty MITSUBOSHI FORMING Việt Nam,Thỏa thuận,Từ 05/05/2022,"Lô C3-1, KCN Bá Thiện 2, Xã Thiện Kế, Huyện Bình Xuyên, Tỉnh Vĩnh...",
Công ty cổ phần Công Nghiệp Smart Việt Nam Tuyển Nhân viên...,https://vinhphuc.work/cong-ty-co-phan-cong-nghiep-smart-viet-nam-tuyen-nhan-vien-ke-hoach-san-xuat.html,Công ty cổ phần Công Nghiệp Smart Việt Nam,8 -15 triệu,6/5/2022,"Lô 11, KCN Quang Minh, TT. Quang Minh, Mê Linh, Hà Nội",
Công ty TNHH Sky Denov Vina tuyển dụng Nhân viên QC,https://vinhphuc.work/cong-ty-tnhh-sky-denov-vina-tuyen-dung-nhan-vien-qc.html,Công ty TNHH Sky Denov Vina,Trao đổi khi phỏng vấn,4/5/2022,Công ty TNHH Sky Denov Vina,
Trường mầm non Quốc tế FTF tuyển dụng 03 Giáo viên Tiếng...,https://vinhphuc.work/truong-mam-non-quoc-te-ftf-tuyen-dung-03-giao-vien-tieng-anh.html,Trường mầm non Quốc tế FTF,Thỏa thuận hấp dẫn,Đến 31/05/2022,"Đường Ngô Gia Tự, phường Khai Quang, thành phố Vĩnh Yên, Vĩnh Phúc",Mọi thắc mắc liên quan vui lòng gọi số điện thoại: Mrs Ngọc: 0977 468 230
Youngbag tuyển dụng nhân viên kinh doanh,https://vinhphuc.work/youngbag-tuyen-dung-nhan-vien-kinh-doanh.html,Công ty TNHH Youngbag Micromotor Việt Nam,Thỏa thuận,từ ngày 04//05/2022,"Công ty TNHH Youngbag Micromotor Việt Nam - KCN Bình Xuyên, huyện Bình Xuyên,...",
Công ty TNHH Dong Joo Vina Tuyển Nhân viên Kế toán,https://vinhphuc.work/cong-ty-tnhh-dong-joo-vina-tuyen-nhan-vien-ke-toan.html,CÔNG TY TNHH DONG JOO VINA,Thỏa thuận,3/5/2022,Đạo Đức - Bình Xuyên - Vĩnh Phúc,"CÔNG TY TNHH DONG JOO VINA
SĐT: 02113 512 580 (Liên lạc giờ hành chính)
Địa chỉ: Đạo Đức – Bình Xuyên – Vĩnh Phúc"
Công ty Công nghệ Truyền thông Minh Đức cần tuyển Nhân viên...,https://vinhphuc.work/cong-ty-cong-nghe-truyen-thong-minh-duc-can-tuyen-nhan-vien-content-marketing.html,Công ty TNHH Công nghệ Truyền thông Minh Đức,Lương thỏa thuận + thưởng,4/5/2022,Vĩnh Yên,
Khách sạn IREST COSMOPOLIS Tuyển dụng 02 Nhân viên lễ tân,https://vinhphuc.work/khach-san-irest-cosmopolis-tuyen-dung-02-nhan-vien-le-tan.html,Khách sạn iRest COSMOPOLIS,7-9 triệu,3/5/2022,Vĩnh Yên,"Khách sạn IREST COSMOPOLIS
Ms Phương Anh – 0965 890 069 Địa chỉ: Đường Ngô Gia Tự – Thành phố Vĩnh Yên – Tỉnh Vĩnh Phúc."
Công ty Cổ phần Đầu tư VCI tuyển 04 vị trí chất...,https://vinhphuc.work/cong-ty-co-phan-dau-tu-vci-tuyen-04-vi-tri-chat-luong-cao-luong-thuong-rat-tot.html,Công ty Cổ phần Đầu tư VCI,8-9 triệu/tháng,Từ 03/05/2022,"83 Ngô Quyền- Thành phố Vĩnh Yên, T. Vĩnh Phúc.",
Trường mầm non Quốc tế FTF tuyển dụng Giáo viên Tiếng Anh,https://vinhphuc.work/truong-mam-non-quoc-te-ftf-tuyen-dung-giao-vien-tieng-anh.html,Trường mầm non Quốc tế FTF,Thỏa thuận hấp dẫn,Từ ngày 30/04/2022 đến 31/05/2022,"Đường Ngô Gia Tự, phường Khai Quang, thành phố Vĩnh Yên, Vĩnh Phúc",
Công ty CP Thép Việt Xô chi nhánh Vĩnh Phúc tuyển Nhân...,https://vinhphuc.work/cong-ty-cp-thep-viet-xo-chi-nhanh-vinh-phuc-tuyen-nhan-vien-sale-admin.html,Công ty CP Thép Việt Xô Hà Nội,7 triệu + trợ cấp ăn trưa,Nhận ngay,Đại Đồng - Vĩnh Tường - Vĩnh Phúc.,
Công ty Tamura Việt Nam tuyển dụng Kế toán tổng hợp,https://vinhphuc.work/cong-ty-tamura-viet-nam-tuyen-dung-ke-toan-tong-hop.html,Công ty Tamura Việt Nam,Thỏa thuận,Nhận ngay,Lô B7- KCN Thăng Long - Thiện Kế - Bình Xuyên - Vĩnh Phúc,
Tuyển phiên dịch tiếng hàn và quản lý bộ phận QC tại...,https://vinhphuc.work/tuyen-phien-dich-tieng-han-va-quan-ly-bo-phan-qc-tai-hjc-viet-nam.html,Công ty TNHH HJC Việt Nam,Thỏa thuận,Nhận ngay,"Khai Quang, Vĩnh Yên, Vĩnh Phúc",
Tuyển dụng Quản lý kỹ thuật phòng sạch tại Actro Vina,https://vinhphuc.work/tuyen-dung-quan-ly-ky-thuat-phong-sach-tai-actro-vina.html,CÔNG TY TNHH ACTRO VINA,Thỏa thuận,Nhận ngay,"Lô A5-3, KCN Bá Thiện 2, Thiện Kế, Bình Xuyên, Vĩnh Phúc",
Công ty TNHH Actro Vina thông báo tuyển dụng nhân viên kỹ...,https://vinhphuc.work/cong-ty-tnhh-actro-vina-tuyen-dung-nhan-vien-ky-thuat-thiet-bi-pm.html,CÔNG TY TNHH ACTRO VINA,Thỏa thuận,Từ ngày 29/04/2022,"Lô A5-3, KCN Bá Thiện 2, Thiện Kế, Bình Xuyên, Vĩnh Phúc",
Tuyển dụng Phiên dịch công trình tại Công ty TNHH may mặc...,https://vinhphuc.work/tuyen-dung-phien-dich-cong-trinh-tai-cong-ty-tnhh-may-mac-viet-thien.html,Công ty TNHH May mặc Việt Thiên,Thỏa thuận,Từ ngày 29/04,"KCN Đồng Sóc, Vĩnh Tường, Vĩnh Phúc",
Tập đoàn Hoà Bình Minh tuyển dụng 05 Nhân viên kinh doanh,https://vinhphuc.work/tap-doan-hoa-binh-minh-tuyen-dung-05-nhan-vien-kinh-doanh.html,Tập đoàn Hoà Bình Minh,LCB + % DS,Nhận ngay,"Xóm Đậu, X. Định Trung, TP. Vĩnh Yên, T. Vĩnh Phúc / Khu 8,...",
Trường mầm non Quốc tế FTF tuyển dụng 02 giáo viên mầm...,https://vinhphuc.work/truong-mam-non-quoc-te-ftf-tuyen-dung-02-giao-vien-mam-non.html,,Thỏa thuận hấp dẫn,Từ ngày 30/04/2022 đến 31/05/2022,"Đường Ngô Gia Tự, phường Khai Quang, thành phố Vĩnh Yên, Vĩnh Phúc",
Công ty TNHH Dy Food Tuyển dụng Nhân viên Văn phòng,https://vinhphuc.work/cong-ty-tnhh-dy-food-tuyen-dung-nhan-vien-van-phong.html,Công Ty TNHH Dy Food,8.000.000-10.000.000,4/5/2022,"KCN Bình Xuyên, Huyện Bình Xuyên, Tỉnh Vĩnh Phúc","Công ty TNHH DY FOOD Địa chỉ: KCN Bình Xuyên, Bình Xuyên, Vĩnh Phúc Điện thoại: 0983.110.387"
Công ty TNHH Samjin LND Vina tuyển dụng gấp phiên dịch tiếng...,https://vinhphuc.work/cong-ty-tnhh-samjin-lnd-vina-tuyen-dung-gap-phien-dich-tieng-han.html,Công ty Samjin LND,Thỏa thuận,Nhận ngay,"Thiện Kế, Bình Xuyên, Vĩnh Phúc",
Mobifone Khu vực 4 Tuyển dụng Chuyên viên Khối Kinh doanh,https://vinhphuc.work/mobifone-khu-vuc-4-tuyen-dung-chuyen-vien-khoi-kinh-doanh.html,Công ty Dịch vụ Mobifone,Thỏa thuận hấp dẫn,Đến 21/5/2022,"Tòa nhà Mobifone, đường Nguyễn Tất Thành, Khu Đồng Mạ, Tiên Cát, Việt Trì,...",
Công ty Cổ phần Công nghệ Xi mạ HTA Vĩnh Phúc tuyển...,https://vinhphuc.work/cong-ty-co-phan-cong-nghe-xi-ma-hta-vinh-phuc-tuyen-ke-toan-tong-hop.html,Công ty Cổ phần Công nghệ Xi mạ HTA,"8-11 triệu tùy năng lực,",Từ ngày 28/4 đến khi tuyển đủ,"Thôn Mộ Đạo, Thị trấn Đạo Đức, Huyện Bình Xuyên",
Hyundai Vĩnh Yên Tuyển Nhân viên Chăm Sóc Khách Hàng,https://vinhphuc.work/hyundai-vinh-yen-tuyen-nhan-vien-cham-soc-khach-hang-3.html,Hyundai Vĩnh Yên,7-10 triệu,Đến ngày 15/5/2022,"Hyundai Vĩnh Yên, Mậu Thông, Khai Quang, Vĩnh Yên, Vĩnh Phúc",
Tuyển Quản lý sản xuất tại Công ty TNHH Daegun Daegun,https://vinhphuc.work/tuyen-quan-ly-san-xuat-tai-cong-ty-tnhh-daegun-daegun.html,Công ty TNHH Daegun Daegun,Thỏa thuận,Nhận ngay,"Bá Thiện, Bình Xuyên, Tỉnh Vĩnh Phúc, VN","CÔNG TY TNHH DAEGUN DAEGUN
Điện thoại: 0376.034.724"
Tuyển gấp Nhân viên Kho tại Big five Việt Nam,https://vinhphuc.work/tuyen-gap-nhan-vien-kho-tai-big-five-viet-nam.html,CÔNG TY CỔ PHẦN CCD VIỆT NAM,8.000.000 đ - 10.000.000đ,Nhận ngay,"Mộ đạo, Đạo Đức, Bình Xuyên, Vĩnh Phúc.","Nơi làm việc: KHO HÀNG CÔNG TY CỔ PHẦN CCD VIỆT NAM (Mộ Đạo, Đạo Đức, Bình Xuyên, Vĩnh Phúc)
Hình thức nộp hồ sơ:
Ứng viên gửi CV tại nút  nộp hồ sơ phía cuối bài
Điện thoại: 0981 009 020"
Công Ty TNHH Thương mại và dịch vụ J&L Việt Nam Tuyển...,https://vinhphuc.work/cong-ty-tnhh-thuong-mai-va-dich-vu-jl-viet-nam-tuyen-dung-truong-phong-kinh-doanh.html,Công Ty TNHH Thương mại và dịch vụ J&L Việt Nam,LCB + %DS,Nhận ngay,Số nhà 50 Định Trung Vĩnh Yên - Vĩnh Phúc (cạnh HC),
Công ty CP Toyo Taki Việt Nam tuyển kế toán tổng hợp,https://vinhphuc.work/cong-ty-cp-toyo-taki-viet-nam-tuyen-ke-toan-tong-hop.html,Công ty CP Toyo Taki Việt Nam,9 - 12 triệu,Nhận ngay,KCN Khai Quang - Vĩnh Yên - Vĩnh Phúc,
Công ty Cổ phần Eneight Việt Nam tuyển dụng nhân viên kỹ...,https://vinhphuc.work/cong-ty-co-phan-eneight-viet-nam-tuyen-dung-nhan-vien-ky-thuat.html,Công ty Cổ phần Eneight Việt Nam,Thỏa thuận,26/4/2022 - 26/05/2022,"Cụm CN Đồng Sóc, Vũ Di, Vĩnh Tường, Vĩnh Phúc",
Công ty TNHH Suo Tech mới đi vào hoạt động Tuyển 10...,https://vinhphuc.work/cong-ty-tnhh-suo-tech-moi-di-vao-hoat-dong-tuyen-10-cong-nhan-chinh-thuc.html,Công ty TNHH Suo Tech,Thỏa thuận,Từ 30/04/2022,"KCN Bá Thiện II, Xã Thiện Kế, Huyện Bình Xuyên, Tỉnh Vĩnh Phúc, Việt...","Công ty TNHH Suo Tech
Địa chỉ : KCN Bá Thiện II, Xã Thiện Kế, Huyện Bình Xuyên, Tỉnh Vĩnh Phúc, Việt Nam
Điện thoại: 0979.221.179"
Công ty TNHH DH-ZYLE Vina Tuyển Nhân viên Cơ điện thiết bị,https://vinhphuc.work/cong-ty-tnhh-dh-zyle-vina-tuyen-nhan-vien-co-dien-thiet-bi.html,Công ty TNHH DH-Zyle Vina,thỏa thuận,26/04/2022,Lô 1- Cụm 17 - KCN Khai Quang - Khai Quang - Vĩnh Yên...,"Công ty TNHH DH-ZYLE Vina
Điện thoại: 0967712388
Địa chỉ: Lô 1,cụm 17, KCN Khai Quang – Khai Quang- Vĩnh Yên- Vĩnh Phúc ."
Công ty TNHH Dynamix Material Science Tuyển Nhân viên Kiểm tra hiện...,https://vinhphuc.work/cong-ty-tnhh-dynamix-material-science-tuyen-nhan-vien-kiem-tra-hien-truong.html,CÔNG TY TNHH DYNAMIX MATERIAL SCIENCE,Thương lượng,26/04/2022,"Lô CN05-2, KCN Bình Xuyên II - Bá Hiến - Bình Xuyên - Vĩnh...","Công ty TNHH Dynamix Material Science
Địa chỉ: Lô CN05-2, KCN Bình Xuyên II – Bá Hiến – Bình Xuyên – Vĩnh Phúc
Điện thoại: 0211.3535.568"
Công Ty TNHH thương mại Sách Hoàng Long Tuyển Nhân viên Kế...,https://vinhphuc.work/cong-ty-tnhh-thuong-mai-sach-hoang-long-tuyen-nhan-vien-ke-toan.html,Công Ty TNHH thương mại Sách Hoàng Long,Thỏa thuận,từ 25/04/2022,"SN 118 Ngô Quyền, P. Ngô Quyền, TP.Vĩnh Yên _ T. Vĩnh Phúc","Công Ty TNHH thương mại Sách Hoàng Long
Địa chỉ: SN 118 Ngô Quyền, P. Ngô Quyền, TP.Vĩnh Yên _ T. Vĩnh Phúc
Số điện thoại liên hệ: 0973 099 997."
"Công ty TNHH Shinwon Ebenezer Việt Nam Tuyển Nhân viên Nhân sự,...",https://vinhphuc.work/cong-ty-tnhh-shinwon-ebenezer-viet-nam-tuyen-nhan-vien-nhan-su-nhan-vien-phap-che.html,Công ty TNHH Shinwon Ebenezer Viet Nam,Thỏa thuận,Từ 25/03/2022,"Lô 14 KCN Khai Quang, Vĩnh Yên, Vĩnh Phúc","Công ty TNHH Shinwon Ebenezer Việt Nam
Điện thoại : 0963902791
Địa chỉ: Lô 14 KCN Khai Quang, Vĩnh Yên, Vĩnh Phúc"
Công ty Tamura Việt Nam Tuyển Kế toán Tổng hợp,https://vinhphuc.work/cong-ty-tamura-viet-nam-tuyen-ke-toan-tong-hop.html,Công ty Tamura Việt Nam,Thỏa thuận,Từ 25/04/2022,"Lô số B-7, KCN Thăng Long, Thiện Kế, Bình Xuyên, Vĩnh Phúc",
"Công Ty TNHH Dy Food Tuyển Nhân viên Phiên dịch, Nhân viên...",https://vinhphuc.work/cong-ty-tnhh-dy-food-tuyen-nhan-vien-phien-dich-nhan-vien-thiet-bi.html,Công Ty TNHH Dy Food,Thỏa thuận,Từ 25/04/2022,Khu CN Bình Xuyên - Hương Canh - Bình Xuyên - Vĩnh Phúc,"Công Ty TNHH Dy Food
Địa chỉ: Hữu Bằng, Tam Hợp, Bình Xuyên, Vĩnh Phúc
Điện thoại: 0983.110.387"
Ngân hàng TMCP Quân đội CN Vĩnh Phúc Tuyển dụng Chuyên viên...,https://vinhphuc.work/ngan-hang-tmcp-quan-doi-cn-vinh-phuc-tuyen-dung-chuyen-vien-ho-tro-dieu-phoi-vien-cong-tac-vien.html,Ngân hàng TMCP Quân đội CN Vĩnh Phúc,Thỏa thuận,Từ 25/04/2022,"Tầng 1, TN Viettel, KĐT Chùa Hà, Vĩnh Yên, Vĩnh Phúc","Ngân hàng TMCP Quân đội CN Vĩnh Phúc
Địa chỉ: Tầng 1, TN Viettel, KĐT Chùa Hà, Vĩnh Yên, Vĩnh Phúc
Mọi chi tiết liên hệ : 0987 929 227"
"Nhà máy Sujin Việt Nam Tuyển dụng Công nhân Hàn xì, Công...",https://vinhphuc.work/nha-may-sujin-viet-nam-tuyen-dung-cong-nhan-han-xi-cong-nhan-van-hanh-may-lam-hanh-chinh.html,Nhà máy Sujin Việt Nam,THỏa thuận,10/5/2022,"Nhà máy Sujin Việt Nam - Phường Phúc Thắng, Phúc Yên, Vĩnh Phúc","Nhà máy Sujin Việt Nam
Địa chỉ: phường Phúc Thắng, thành phố Phúc Yên, tỉnh Vĩnh Phúc (Gần cổng khu đô thị TMS)
Điện thoại:02113 869 898/ 0211 3721 335"
Công ty TNHH UJU Vina Tuyển Nhân viên khuôn bộ phận Đúc,https://vinhphuc.work/cong-ty-tnhh-uju-vina-tuyen-nhan-vien-khuon-bo-phan-duc.html,Công ty TNHH UJU Vina,Thỏa thuận,Từ 23/04/2022,"Số 55, Lô CN12 , KCN Khai Quang, Vĩnh Yên , Vĩnh Phúc","Công ty TNHH UJU Vina
Địa chỉ: Số 55, Lô CN12 , KCN Khai Quang, Vĩnh Yên , Vĩnh Phúc
Điện thoại: 0211.3843.700"
"Nội thất VAXUCO Vĩnh Yên tuyển dụng Kế toán Tổng hợp, Nhân...",https://vinhphuc.work/noi-that-vaxuco-vinh-yen-tuyen-dung-ke-toan-tong-hop-nhan-vien-ban-hang.html,Nội thất Vaxuco Vĩnh Yên,Thỏa thuận,Từ 23/04/2022,"số185, Quán Tiên, đường Hùng Vương, phường Hội Hợp, TP. Vĩnh Yên, tỉnh Vĩnh...","Nội thất VAXUCO Vĩnh Yên
Địa chỉ: số185, Quán Tiên, đường Hùng Vương, phường Hội Hợp, TP. Vĩnh Yên, tỉnh Vĩnh Phúc. Điện thoại liên hệ: 0568977777 Hồ sơ xin việc nộp trực tiếp hoặc gửi vào Email: pgdnl.vavaxuco@gmail.com"
Nhà máy Công ty IAP Tuyển Kế toán Tổng hợp,https://vinhphuc.work/nha-may-cong-ty-iap-tuyen-ke-toan-tong-hop.html,Công ty Cổ phần Đầu tư và Thương mại IAP,Thỏa thuận,Từ 23/04/2022,"Nhà Máy IAP, Điểm Công nghiệp Đồng Sóc, xã Vũ Di, huyện Vĩnh Tường,...",
Công ty TNHH Quốc tế Cerie (Việt Nam) Tuyển mới 04 vị...,https://vinhphuc.work/cong-ty-tnhh-quoc-te-cerie-viet-nam-tuyen-moi-04-vi-tri-chat-luong.html,Công ty TNHH Quốc Tế Cerie (Việt Nam),Thỏa thuận,Từ 23/04/2022,"Lô N, KCN Bình Xuyên 1, Hương Canh, Bình Xuyên, Vĩnh Phúc","Công ty TNHH Quốc tế Cerie (Việt Nam)
Địa chỉ: Lô N, KCN Bình Xuyên 1, Hương Canh, Bình Xuyên, Vĩnh Phúc
Điện thoại: 0334429429"
Công ty TNHH Công nghệ chính xác JFS Việt Nam Tuyển Nhân...,https://vinhphuc.work/cong-ty-tnhh-cong-nghe-chinh-xac-jfs-viet-nam-tuyen-nhan-vien-phien-dich-tieng-trung.html,CÔNG TY TNHH CÔNG NGHỆ CHÍNH XÁC JFS VIỆT NAM,Thỏa thuận,Từ 23/04/2022,"Hưởng Lộc, Đạo Đức, Bình Xuyên","Công ty TNHH Công nghệ chính xác JFS Việt Nam
Địa chỉ: Hưởng Lộc, Đạo Đức, Bình Xuyên
Điện thoại: 0988658394"
Công ty TNHH EL TS VINA Tuyển Nhân viên Quản lý vật...,https://vinhphuc.work/cong-ty-tnhh-el-ts-vina-tuyen-nhan-vien-quan-ly-vat-tu.html,Công ty TNHH EL TS VINA,thỏa thuận,22/04/2022,"Lô P, KCN Bình Xuyên, TT Hương Canh, Bình Xuyên, Vĩnh Phúc","Công ty TNHH EL TS VINA
Địa chỉ: Lô P, KCN Bình Xuyên, TT Hương Canh, Bình Xuyên , Vĩnh Phúc
Điện thoại: 0211.3866.858"
Công ty Cổ phần Toyotaki Việt Nam Tuyển Phó Giám Đốc Sản...,https://vinhphuc.work/cong-ty-co-phan-toyotaki-viet-nam-tuyen-pho-giam-doc-san-xuat.html,Công ty Cổ phần Toyotaki Việt Nam,18-25 triệu,Đến khi tuyển đủ,Khu công nghiệp Khai Quang,"Công ty Cổ phần Toyotaki Việt Nam
Địa chỉ:KCN Khai Quang, Khai Quang, Vĩnh Yên, Vĩnh Phúc
Điện thoại:0388865400"
Công ty CP Đầu Tư TM và Sản Xuất Minh Phương tuyển...,https://vinhphuc.work/cong-ty-cp-dau-tu-tm-va-san-xuat-minh-phuong-tuyen-kcs-thanh-pham-van-hanh-may-van-hanh-lo-hoi.html,Công ty CP Đầu Tư TM và Sản Xuất Minh Phương,Thỏa thuận,Các ngày trong tuần,"KCN Hợp Thịnh, Tam Dương, Vĩnh phúc","Công ty CP Đầu Tư TM và Sản Xuất Minh Phương
Địa chỉ: Cụm CN Hợp Thinh, Xã Hợp Thịnh, Huyện Tam Dương, Tỉnh Vĩnh Phúc
LIện hệ : Mrs.Hằng – 0392010690 hoặc nộp hồ sơ trực tiếp tại công ty địa chỉ tại KCN Hợp Thịnh, Tam Dương, Vĩnh phúc"
Công ty Cổ phần Toyotaki Việt Nam tuyển dụng Kế toán trưởng,https://vinhphuc.work/cong-ty-co-phan-toyotaki-viet-nam-tuyen-dung-ke-toan-truong.html,,15-20 triệu,30/4/2022,"KCN Khai Quang, Khai Quang, Vĩnh Yên, Vĩnh Phúc","Công ty Cổ phần Toyotaki Việt Nam
Địa chỉ:KCN Khai Quang, Khai Quang, Vĩnh Yên, Vĩnh Phúc
Điện thoại:0388865400"
Khách sạn Ocean Tuyển Kế toán Nội bộ,https://vinhphuc.work/khach-san-ocean-tuyen-ke-toan-noi-bo.html,Khách sạn Ocean,Thỏa thuận,Từ 21/04/2022,"Số 33 Đường Nguyễn Tất Thành, Xã Định Trung, Thành phố Vĩnh Yên, Tỉnh...",
"Nhà hàng Bia Hà Phương Tuyển Quản lý, Chăm sóc khách hàng,...",https://vinhphuc.work/nha-hang-bia-ha-phuong-tuyen-quan-ly-cham-soc-khach-hang-thu-ngan-truong-ban-nhan-vien-theo-ca.html,Nhà hàng Bia Hà Phương,Thỏa thuận,Từ 21/04/2022,"Khu vườn Sim, Hương Canh, Bình Xuyên, Vĩnh Phúc","Nhà hàng Bia Hà Phương
Địa chỉ:Khu vườn Sim, Hương Canh, Bình Xuyên, Vĩnh Phúc
Điện thoại: A Khanh 0979431995"
Công ty TNHH Sản xuất Quạt CN TH Vinasun Tuyển Nhân viên...,https://vinhphuc.work/cong-ty-tnhh-san-xuat-quat-cn-th-vinasun-tuyen-nhan-vien-nhan-su.html,Công Ty TNHH TH Vinasun Vietnam,Thỏa thuận,Từ 21/04/2022,"KCN Bình Xuyên 1, Bình Xuyên, Vĩnh Phúc","Công ty TNHH Sản xuất Quạt CN TH Vinasun
Địa chỉ: Lô M, đường 10, KCN Bình Xuyên 1, Bình Xuyên, Vĩnh Phúc
Điện thoại: 0968886538"
Công ty TNHH Young Poong Electronics Vina Tuyển Nhân viên Chăm sóc...,https://vinhphuc.work/cong-ty-tnhh-young-poong-electronics-vina-tuyen-nhan-vien-cham-soc-khach-hang.html,Công ty TNHH Young Poong TFT,Thỏa thuận,Từ 21/04/2022,KCN Bình Xuyên 2 – Bình Xuyên – Vĩnh Phúc,
Công ty cổ phần thương mại và dịch vụ VPP Phúc An...,https://vinhphuc.work/cong-ty-co-phan-thuong-mai-va-dich-vu-vpp-phuc-an-tuyen-ke-toan-cong-no.html,Công ty cổ phần thương mại và dịch vụ VPP Phúc An,Thỏa thuận,20/04/2022,"SN 18, phố Tông Đản, phường Đồng Tâm, TP.Vĩnh Yên, T. Vĩnh Phúc.","Công ty cổ phần thương mại và dịch vụ VPP Phúc An
Địa chỉ: SN 18, phố Tông Đản, phường Đồng Tâm, TP.Vĩnh Yên, T. Vĩnh Phúc.
Email : vppphucan2018@gmail.com Hoặc lên hệ Oanh-SĐT 0961126866."
Công ty Cổ phần thương mại và sản xuất Khải Thành tuyển...,https://vinhphuc.work/cong-ty-co-phan-thuong-mai-va-san-xuat-khai-thanh-tuyen-dung-nhan-vien-lai-xe-nang-2.html,Công ty cổ phần thương mại và sản xuất Khải Thành,Thỏa thuận,20/04/2022,"Cụm Công nghiệp Yên Đồng, thôn Đông Mẫu, xã Yên Đồng, huyện Yên Lạc,...",
Công ty TNHH SX TM và XD Bảo Sơn (Hãng sơn JYKA)...,https://vinhphuc.work/cong-ty-tnhh-sx-tm-va-xd-bao-son-hang-son-jyka-tuyen-nhan-vien-nhan-su.html,Công ty TNHH SX TM và XD Bảo Sơn (Hãng sơn JYKA),Thỏa thuận,Từ 20/04/2022,"KCN Bá Thiện, Bình Xuyên, Vĩnh Phúc.","Công ty TNHH SX TM & XD Bảo Sơn (Sơn JYKA) Địa chỉ: KCN Bá Thiện, Bình Xuyên, Vĩnh Phúc. Điện thoai: 0989.528.196"
Công ty TNHH may mặc Việt Thiên Tuyển dụng Các vị trí...,https://vinhphuc.work/cong-ty-tnhh-may-mac-viet-thien-tuyen-dung-cac-vi-tri-hanh-chinh.html,Công ty TNHH May mặc Việt Thiên,Thỏa thuận,Từ 19/04/2022,"KCN Đồng Sóc, Vĩnh Tường, Vĩnh Phúc","Công ty TNHH may mặc Việt Thiên
CV qua mail : thanhcao.hlu@gmail.com
Điện thoại : 02116287803.
Địa chỉ: KCN Đồng Sóc, Vĩnh Tường, Vĩnh Phúc"
Ngân hàng TMCP Quân đội CN Vĩnh Phúc Tuyển Chuyên viên Hỗ...,https://vinhphuc.work/ngan-hang-tmcp-quan-doi-cn-vinh-phuc-tuyen-chuyen-vien-ho-tro-dieu-phoi-vien-cong-tac-vien.html,Ngân hàng TMCP Quân đội CN Vĩnh Phúc,Thỏa thuận,Từ 19/04/2022,"Tầng 1, TN Viettel, KĐT Chùa Hà, Vĩnh Yên, Vĩnh Phúc","Ngân hàng TMCP Quân đội CN Vĩnh Phúc
Địa chỉ: Tầng 1, TN Viettel, KĐT Chùa Hà, Vĩnh Yên, Vĩnh Phúc
Mọi chi tiết liên hệ : 0987 929 227"
Flamingo Đại Lải Tuyển dụng Thư ký Trung tâm Dịch vụ khách...,https://vinhphuc.work/flamingo-dai-lai-tuyen-dung-thu-ky-trung-tam-dich-vu-khach-hang.html,Flamingo Đại Lải Resort,Thỏa thuận,Đến 30/11/2023,"Flamingo Đại Lải, Xã Ngọc Thanh, Thành phố Phúc Yên, Vĩnh Phúc.","CÔNG TY CỔ PHẦN HỒNG HẠC ĐẠI LẢI Địa chỉ: Flamingo Đại Lải, Xã Ngọc Thanh, Thành phố Phúc Yên, Vĩnh Phúc.
Mr Hoàng: 0971.733.222"
Khách sạn Sofia Tam Đảo Tuyển dụng bếp chính tại khách sạn,https://vinhphuc.work/khach-san-sofia-tam-dao-tuyen-dung-bep-chinh-tai-khach-san.html,KHÁCH SẠN SOFIA TAM ĐẢO,Đến 10 triệu,25/4/2022,"Khu phố 1, TT Tam Đảo, huyện Tam Đảo, tỉnh Vĩnh Phúc","KHÁCH SẠN SOFIA TAM ĐẢO
ĐỊA ĐIỂM LÀM VIỆC: Khu phố 1, TT Tam Đảo, huyện Tam Đảo, tỉnh Vĩnh Phúc"
Công ty TNHH MTV Dae Young Wire Vina Tuyển dụng Phiên dịch...,https://vinhphuc.work/cong-ty-tnhh-mtv-dae-young-wire-vina-tuyen-dung-phien-dich-tieng-han.html,Công ty TNHH MTV Dae Young Wire Vina,Thỏa thuận,19/04/2022,"Nguyễn Tất Thành ( Đối diện trường THCS Định Trung) , Định trung, Vĩnh...","Công ty TNHH MTV Dae Young Wire Vina
Địa chỉ: Nguyễn Tất Thành ( Đối diện trường THCS Định Trung) , Định trung, Vĩnh Yên, Vĩnh Phúc
Email: vylinhnga1983@gmail.com
Điện thoại: 0211.3566.001 ( 0963859938 gặp C Nga hoặc Ngân)"
Công ty TNHH Kanefusa Manufacturing Việt Nam Tuyển dụng Trưởng phòng QA-QC,https://vinhphuc.work/cong-ty-tnhh-kanefusa-manufacturing-viet-nam-tuyen-dung-truong-phong-qa-qc.html,Công ty TNHH Kanefusa Manufacturing Việt Nam,Thỏa thuận,Từ 19/04/2022,Nhà C11-22-23 KCN Thăng Long- Bá Thiện - Bình Xuyên - Vĩnh Phúc,
Công ty TNHH Công nghệ điện tử Haojida Việt Nam Tuyển Quản...,https://vinhphuc.work/cong-ty-tnhh-cong-nghe-dien-tu-haojida-viet-nam-tuyen-quan-ly-chat-luong-biet-tieng-trung.html,Công ty TNHH Công nghệ điện tử Haojida Việt Nam,"20,000,000-30,000,000",30/4/2022,Công ty TNHH Công nghệ điện tử Haojida Việt Nam,Công ty TNHH Công nghệ điện tử Haojida Việt Nam Địa chỉ: Đồi Me – Yên Lập – Vĩnh Tường – Vĩnh Phúc Điện thoại:02113822261
Công Ty Sindoh Vina Tuyển Nhân viên Kho,https://vinhphuc.work/cong-ty-sindoh-vina-tuyen-nhan-vien-kho.html,Công Ty Sindoh Vina,Thỏa thuận,Từ 16/04/2022,"Lô CN 15, KCN Khai Quang, Vĩnh Yên, Vĩnh Phúc",
"Công ty TNHH Interflex Vina Tuyển Nhân viên Nhân sự, Nhân viên...",https://vinhphuc.work/cong-ty-tnhh-interflex-vina-tuyen-nhan-vien-nhan-su-nhan-vien-y-te.html,Công ty TNHH InterFlex Vina,Thỏa thuận,Từ 16/04/2022,KCN Bá Thiện 1 - Bình Xuyên - Vĩnh Phúc,
Công ty Cổ phần Đầu tư VCI tuyển Trưởng phòng Kế hoạch...,https://vinhphuc.work/cong-ty-co-phan-dau-tu-vci-tuyen-truong-phong-ke-hoach-ky-thuat.html,Công ty Cổ phần Đầu tư VCI,Thỏa thuận,đến hết ngày 30/04/2022,"83 Ngô Quyền- Thành phố Vĩnh Yên, T. Vĩnh Phúc.",
Công ty CP Đầu Tư TM và Sản Xuất Minh Phương tuyển...,https://vinhphuc.work/cong-ty-cp-dau-tu-tm-va-san-xuat-minh-phuong-tuyen-dung-kcs-thanh-pham-van-hanh-may-van-hanh-lo-hoi.html,Công ty CP Đầu Tư TM và Sản Xuất Minh Phương,Thỏa thuận,Các ngày trong tuần,"KCN Hợp Thịnh, Tam Dương, Vĩnh phúc","Công ty CP Đầu Tư TM và Sản Xuất Minh Phương
Địa chỉ: Cụm CN Hợp Thinh, Xã Hợp Thịnh, Huyện Tam Dương, Tỉnh Vĩnh Phúc
LIện hệ : Mrs.Hằng – 0392010690 hoặc nộp hồ sơ trực tiếp tại công ty địa chỉ tại KCN Hợp Thịnh, Tam Dương, Vĩnh phúc"
Bất động sản nghỉ dưỡng Bigsealand tuyển dụng 02 Nhân viên Bán...,https://vinhphuc.work/bat-dong-san-nghi-duong-bigsealand-tuyen-dung-02-nhan-vien-ban-hang.html,BigseaGroup,Thỏa thuận,Từ 15/04/2022,NP7 - 08 Lý Nam Đế - Khai Quang - Vĩnh Yên - Vĩnh...,"Điện thoại: 0867.918.838
Địa chỉ các văn phòng: Văn phòng 1 : Eco park – TP Hải Dương Văn phòng 2 : 296 Minh Khai – Hn Văn phòng 3 : Khu 4 thị trấn Coto Văn phòng 4 : Suối Khoang – Mỹ Khang – TP Tuyên Quang. Văn phòng 5 : NP7 – 08 Lý Nam Đế – Khai Quang – Vĩnh Yên – Vĩnh phúc Văn phòng 6 : Khu Bó Bun – Thị Trấn Nông Trường Mộc Châu . Văn phòng 7: Homestay SÀNH – Bản Tả Van Giáy – SAPA."
Công ty CP Đầu Tư TM và Sản Xuất Minh Phương tuyển...,https://vinhphuc.work/cong-ty-cp-dau-tu-tm-va-san-xuat-minh-phuong-tuyen-dung-kcs-thanh-pham.html,Công ty CP Đầu Tư TM và Sản Xuất Minh Phương,Thỏa thuận,Các ngày trong tuần,"KCN Hợp Thịnh, Tam Dương, Vĩnh phúc","Công ty CP Đầu Tư TM và Sản Xuất Minh Phương
Địa chỉ: Cụm CN Hợp Thinh, Xã Hợp Thịnh, Huyện Tam Dương, Tỉnh Vĩnh Phúc
LIện hệ : Mrs.Hằng – 0392010690 hoặc nộp hồ sơ trực tiếp tại công ty địa chỉ tại KCN Hợp Thịnh, Tam Dương, Vĩnh phúc"
Công ty Cổ phần dịch vụ công nghệ TSC Việt Nam Tuyển...,https://vinhphuc.work/cong-ty-co-phan-dich-vu-cong-nghe-tsc-viet-nam-tuyen-nhan-vien-ke-toan.html,Công ty Cổ phần dịch vụ Công nghệ TSC Việt Nam,7- 8 triệu,15/04/2022,Vĩnh Phúc,"Công ty Cổ phần dịch vụ công nghệ TSC Việt Nam
Địa điểm làm việc: 116 Tôn Đức Thắng, P. Khai Quang, TP. Vĩnh Yên, Tỉnh Vĩnh Phúc
L iên hệ: Ms 0327.643.518
Lưu ý: tiêu đề email ghi theo cấu trúc “Vị trí công việc_Họ và tên ứng viên”."
Công ty Powernet Vina Tuyển Nhân viên Mua hàng,https://vinhphuc.work/cong-ty-powernet-vina-tuyen-nhan-vien-mua-hang.html,Công ty TNHH Powernet Vina,Thỏa thuận,15/04/2022,"KCN Bình Xuyên 2, Bình Xuyên, Vĩnh Phúc","Công ty TNHH Powernet Vina
Địa chỉ: KCN Bình Xuyên 2, Bình Xuyên, Vĩnh Phúc Điện thoại: 02113565866/110"
Chi nhánh De Heus Vĩnh Phúc Tuyển Nhân viên Lái xe nâng,https://vinhphuc.work/chi-nhanh-de-heus-vinh-phuc-tuyen-nhan-vien-lai-xe-nang.html,Công ty TNHH De Heus - CN Vĩnh Phúc,10-12 triệu,14/04/2022,"Lô G, Khu Công Nghiệp Bình Xuyên, Thị trấn Hương Canh, Huyện Bình Xuyên,...","Chi nhánh De Heus Vĩnh Phúc
Địa chỉ: Lô G, KCN Bình Xuyên 1, Bình Xuyên, Vĩnh phúc
Điện thoại:"
Công ty TNHH Quốc tế Cerie (Việt Nam) Tuyển 04 vị trí...,https://vinhphuc.work/cong-ty-tnhh-quoc-te-cerie-viet-nam-tuyen-04-vi-tri-chat-luong.html,Công ty TNHH Quốc Tế Cerie (Việt Nam),Thỏa thuận,Từ 14/04/2022,"Lô N, KCN Bình Xuyên 1, Hương Canh, Bình Xuyên, Vĩnh Phúc","Công ty TNHH Quốc tế Cerie (Việt Nam)
Địa chỉ: Lô N, KCN Bình Xuyên 1, Hương Canh, Bình Xuyên, Vĩnh Phúc
Điện thoại: 0334429429"
Nissan Vĩnh Phúc Tuyển Chuyên viên Marketing Online,https://vinhphuc.work/nissan-vinh-phuc-tuyen-chuyen-vien-marketing-online.html,Nissan Vĩnh Phúc,Thỏa thuận,30/04/2022,"Nissan Vĩnh Phúc- Quất Lưu, Bình Xuyên, Vĩnh Phúc ( Đối diện siêu thị...","Nissan Vĩnh Phúc
Địa chỉ: Nissan Vĩnh Phúc- Quất Lưu, Bình Xuyên, Vĩnh Phúc ( Đối diện siêu thị Big C Go Vĩnh Phúc )
Điện thoại: 0836061166"
Công ty TNHH Suo Tech mới đi vào hoạt động Tuyển 20...,https://vinhphuc.work/cong-ty-tnhh-suo-tech-moi-di-vao-hoat-dong-tuyen-20-cong-nhan-chinh-thuc.html,Công ty TNHH Suo Tech,Thỏa thuận,Từ 13/04/2022,"KCN Bá Thiện II, Xã Thiện Kế, Huyện Bình Xuyên, Tỉnh Vĩnh Phúc, Việt...","Công ty TNHH Suo Tech
Địa chỉ : KCN Bá Thiện II, Xã Thiện Kế, Huyện Bình Xuyên, Tỉnh Vĩnh Phúc, Việt Nam
Email : suotech2020@gmail.com
Điện thoại: 0979.221.179"
Công ty TNHH Actro Vina Tuyển Quản lý kỹ thuật phòng sạch...,https://vinhphuc.work/cong-ty-tnhh-actro-vina-tuyen-quan-ly-ky-thuat-phong-sach-toc.html,CÔNG TY TNHH ACTRO VINA,Thương lượng,13/04/2022,"Lô A5-3, KCN Bá Thiện 2, Thiện Kế, Bình Xuyên, Vĩnh Phúc","Công ty TNHH Actro Vina
Địa chỉ: Lô A5-3, KCN Bá Thiện II, Huyện Bình Xuyên, Tỉnh Vĩnh Phúc.
Liên hệ: 02113832671 or 02113832668"
Công ty TNHH Sunny Auto Motive Vina Tuyển dụng Phó phòng sản...,https://vinhphuc.work/cong-ty-tnhh-sunny-auto-motive-vina-tuyen-dung-pho-phong-san-xuat-ky-thuat-san-pham.html,,20 tr đến 25 tr,13/04/2022,Công ty TNHH Sunny Auto motive Vina,"Công ty TNHH Sunny Auto Motive Vina
Địa chỉ: Lô CN06, khu Công Nghiệp Bình Xuyên II, Bá Hiến, Bình Xuyên, Vĩnh Phúc
SDT: 02113566808"
Công ty TNHH Sản xuất Quạt CN TH Vinasun Tuyển Nhân viên...,https://vinhphuc.work/cong-ty-tnhh-san-xuat-quat-cn-th-vinasun-tuyen-nhan-vien-thu-kho-thanh-pham.html,Công Ty TNHH TH Vinasun Vietnam,Thỏa thuận,Từ 13/04/2022,"KCN Bình Xuyên 1, Bình Xuyên, Vĩnh Phúc","Công ty TNHH Sản xuất Quạt CN TH Vinasun
Địa chỉ: KCN Bình Xuyên 1, Bình Xuyên, Vĩnh Phúc
Email: hr@thvinasun.vn
Điện thoại: 0968886538"
Công ty TNHH Xin Ho Vina Tuyển Trưởng ca sản xuất,https://vinhphuc.work/cong-ty-tnhh-xin-ho-vina-tuyen-truong-ca-san-xuat.html,Công ty TNHH Xin Ho Vina,Upto 16.000.000,12/4/2022,"Công ty TNHH Xin Ho Vina. Lô 4. KCN Bình Xuyên, thị trấn Hương...","Công ty TNHH Xin Ho Vina
Địa chỉ: KCN Bình Xuyên, Hương Canh, Bình Xuyên, Vĩnh Phúc
Điện thoại:0984752336"
Công ty TNHH ĐT & TMTH Thành Thái tuyển Nhân viên Nghiệp...,https://vinhphuc.work/cong-ty-tnhh-dt-tmth-thanh-thai-tuyen-nhan-vien-nghiep-vu.html,Công ty TNHH ĐT & TMTH Thành Thái tại tại Hợp Châu - Tam Đảo,Thỏa thuận,Từ 12/04/2022,Hợp Thành - Hợp Châu - Tam Đảo - Vĩnh Phúc,"Công ty TNHH ĐT & TMTH Thành Thái
Địa chỉ : Cụm KT-XH xã Hợp Thịnh – Hợp Thịnh – Tam Dương – Vĩnh Phúc
SĐT: 02113537318* 6306"
Bất động sản nghỉ dưỡng Bigsealand tuyển thêm 03 Nhân viên Bán...,https://vinhphuc.work/bat-dong-san-nghi-duong-bigsealand-tuyen-them-03-nhan-vien-ban-hang-2.html,BigseaGroup,Thỏa thuận,Từ 12/04/2022,NP7 - 08 Lý Nam Đế - Khai Quang - Vĩnh Yên - Vĩnh...,"Điện thoại: 0867.918.838
Địa chỉ các văn phòng: Văn phòng 1 : Eco park – TP Hải Dương Văn phòng 2 : 296 Minh Khai – Hn Văn phòng 3 : Khu 4 thị trấn Coto Văn phòng 4 : Suối Khoang – Mỹ Khang – TP Tuyên Quang. Văn phòng 5 : NP7 – 08 Lý Nam Đế – Khai Quang – Vĩnh Yên – Vĩnh phúc Văn phòng 6 : Khu Bó Bun – Thị Trấn Nông Trường Mộc Châu . Văn phòng 7: Homestay SÀNH – Bản Tả Van Giáy – SAPA."
Công ty TNHH Tư vấn ASC Hana Tuyển Nhân viên Tư vấn...,https://vinhphuc.work/cong-ty-tnhh-tu-van-asc-hana-tuyen-nhan-vien-tu-van-moi-truong-ky-su-moi-truong.html,Công ty TNHH Tư vấn ASC Hana,Thoả thuận,Từ 12/04/2022,"Đ. Trần Phú, P. Liên Bảo, Tp. Vĩnh Yên","Công ty TNHH Tư vấn ASC Hana
Địa chỉ: Số nhà 12c, ngõ 14 ngách 4 Đ. Trần Phú, P. Liên Bảo, TP. Vĩnh Yên, Vĩnh Phúc"
Công ty TNHH Sản xuất Quạt CN TH Vinasun Tuyển Nhân viên...,https://vinhphuc.work/cong-ty-tnhh-san-xuat-quat-cn-th-vinasun-tuyen-nhan-vien-ky-thuat.html,Công Ty TNHH TH Vinasun Vietnam,Thỏa thuận,Từ 09/04/2022,"KCN Bình Xuyên 1, Bình Xuyên, Vĩnh Phúc","Công ty TNHH Sản xuất Quạt CN TH Vinasun
Địa chỉ: KCN Bình Xuyên 1, Bình Xuyên, Vĩnh Phúc
Email: hr@thvinasun.vn
Điện thoại: 0968886538"
Công ty TNHH Good Paper Packaging Industrial Việt Nam Tuyển Kế toán...,https://vinhphuc.work/cong-ty-tnhh-good-paper-packaging-industrial-viet-nam-tuyen-ke-toan-truong-va-ke-toan-tong-hop.html,Công ty TNHH Good Paper Packaging Industrial Việt Nam,Thỏa thuận,Từ 08/04/2022,"Lô D8-3, KCN Bá Thiện2, Thiện Kế, Bình Xuyên, Vĩnh Phúc","Công ty TNHH Good Paper Packaging Industrial Việt Nam
Địa chỉ: Lô D8-3, KCN Bá Thiện2, Thiện Kế, Bình Xuyên, Vĩnh Phúc
Điện thoại: 036.3322.417/0888.678.855"
Công ty TNHH JinYoung HNS Vina Tuyển Nhân viên khuôn,https://vinhphuc.work/cong-ty-tnhh-jinyoung-hns-vina-tuyen-nhan-vien-khuon.html,Công ty TNHH JinYoung HNS Vina,Thỏa thuận,Từ 07/04/2022,"Lô CN 13 KCN Khai Quang, Vĩnh Yên, Vĩnh Phúc","Công ty TNHH JinYoung HNS Vina
Địa chỉ: Lô CN 13 KCN Khai Quang, Vĩnh Yên, Vĩnh Phúc
Điện thoại: 0211.3552.999 – 0962.111.398
Email: jinyounghnsvina@gmail.com"
Công ty TNHH Công nghệ chính xác JFS Việt Nam Tuyển Nhân...,https://vinhphuc.work/cong-ty-tnhh-cong-nghe-chinh-xac-jfs-viet-nam-tuyen-nhan-vien-phien-dich.html,CÔNG TY TNHH CÔNG NGHỆ CHÍNH XÁC JFS VIỆT NAM,Thỏa thuận,Từ 07/04/2022,"Hưởng Lộc, Đạo Đức, Bình Xuyên","Công ty TNHH Công nghệ chính xác JFS Việt Nam
Địa chỉ: Hưởng Lộc, Đạo Đức, Bình Xuyên
Điện thoại: 0988658394"
Công ty TNHH thép đặc biệt KDS Việt Nam tuyển 01 Nhân...,https://vinhphuc.work/cong-ty-tnhh-thep-dac-biet-kds-viet-nam-tuyen-01-nhan-vien-van-hanh-may-cnc.html,CÔNG TY TNHH THÉP ĐẶC BIỆT KDS VIỆT NAM,Thỏa thuận,7/4/2022,Duy Phiên - Tam Dương - Vĩnh Phúc,"Công ty TNHH thép đặc biệt KDS Việt Nam
Địa chỉ : Thôn Diên Lâm, xã Duy Phiên, huyện Tam Dương, tỉnh Vĩnh Phúc
Email: Kds.nhansu@gmail.com
Số ĐT: 02113613286"
"Công ty TNHH Quốc tế Cerie (Việt Nam) Tuyển QC Manager, QC...",https://vinhphuc.work/cong-ty-tnhh-quoc-te-cerie-viet-nam-tuyen-qc-manager-qc-supervisor-lab-supervisor-ky-thuat-san-pham-nv-phong-thi-nghiem.html,Công ty TNHH Quốc Tế Cerie (Việt Nam),Thỏa thuận,Từ 06/04/2022,"Lô N, KCN Bình Xuyên 1, Hương Canh, Bình Xuyên, Vĩnh Phúc","Công ty TNHH Quốc tế Cerie (Việt Nam)
Địa chỉ: Lô N, KCN Bình Xuyên 1, Hương Canh, Bình Xuyên, Vĩnh Phúc
Điện thoại: 0334429429"
Công ty TNHH Kohsei Multipack Việt Nam Tuyển dụng nhân viên Quản...,https://vinhphuc.work/cong-ty-tnhh-kohsei-multipack-viet-nam-tuyen-dung-nhan-vien-quan-ly-chat-luong-qa.html,Công ty TNHH Kohsei Multipack Việt Nam,Thỏa thuận,6/4/2022,"Lô C KCN Bình Xuyên, Vĩnh Phúc","Công ty TNHH Kohsei Multipack Việt Nam
Địa chỉ: Lô C KCN Bình Xuyên, Vĩnh Phúc
Điện thoại:02113593411"
"Công ty TNHH Kowa Global Tuyển 01 Nhân viên Kiểm hàng, 01...",https://vinhphuc.work/cong-ty-tnhh-kowa-global-tuyen-01-nhan-vien-kiem-hang-01-cong-nhan-hanh-chinh.html,Công ty TNHH Kowa Global,"5,500,000 - 6,000,000",7/4/2022,"Khu CN Bình Xuyên, TT Hương Canh, Huyện Bình Xuyên, Tỉnh Vĩnh Phúc.","Công ty TNHH Kowa Global Địa chỉ: Khu CN Bình Xuyên I, TT Hương Canh, Huyện Bình Xuyên, Tỉnh Vĩnh Phúc.
Điện thoại: 0946947499"
Công ty TNHH Bao bì DHT Tuyển Kế toán nội bộ,https://vinhphuc.work/cong-ty-tnhh-bao-bi-dht-tuyen-ke-toan-noi-bo.html,Công ty bao bì DHT,Thỏa thuận,Từ ngày 06/04/2022,Đồng Xuân - Phúc Yên- Vĩnh phúc,"Công ty TNHH Bao bì DHT
Địa chỉ: Cơ sở 2 Đồng Xuân – Phúc Yên – Vĩnh Phúc"
Công ty TNHH Japfa Comfeed Việt Nam Tuyển Kế toán Thuế,https://vinhphuc.work/cong-ty-tnhh-japfa-comfeed-viet-nam-tuyen-ke-toan-thue.html,Công Ty TNHH Japfa Comfeed Việt Nam,Thỏa thuận,Từ 06/04/2022,Thị trấn Hương Canh - Huyện Bình Xuyên - Tỉnh Vĩnh Phúc,"Công ty TNHH Japfa Comfeed Việt Nam Địa chỉ: Thị trấn Hương Canh – Huyện Bình Xuyên – Tỉnh Vĩnh Phúc Điện thoại: 02113866170 / 0972 783 115
Email: tuyendung@japfa.com"
Bất động sản nghỉ dưỡng Bigsealand tuyển thêm 02 Nhân viên Bán...,https://vinhphuc.work/bat-dong-san-nghi-duong-bigsealand-tuyen-them-02-nhan-vien-ban-hang.html,BigseaGroup,Thỏa thuận,Từ 05/04/2022,NP7 - 08 Lý Nam Đế - Khai Quang - Vĩnh Yên - Vĩnh...,"Điện thoại: 0867.918.838
Địa chỉ các văn phòng: Văn phòng 1 : Eco park – TP Hải Dương Văn phòng 2 : 296 Minh Khai – Hn Văn phòng 3 : Khu 4 thị trấn Coto Văn phòng 4 : Suối Khoang – Mỹ Khang – TP Tuyên Quang. Văn phòng 5 : NP7 – 08 Lý Nam Đế – Khai Quang – Vĩnh Yên – Vĩnh phúc Văn phòng 6 : Khu Bó Bun – Thị Trấn Nông Trường Mộc Châu . Văn phòng 7: Homestay SÀNH – Bản Tả Van Giáy – SAPA."
Ϲông ty Cổ phần kỹ thuật và du lịch Ƭrường Xuân Tuyển...,https://vinhphuc.work/%cf%b2ong-ty-co-phan-ky-thuat-va-du-lich-%c6%adruong-xuan-tuyen-nhan-vien-ke-toan.html,Ϲông ty Cổ phần kỹ thuật và du lịch Ƭrường Xuân,Thỏa thuận,6/4/2022,Vĩnh Yên,"Ϲông ty Cổ phần kỹ thuật và du lịch Ƭrường Xuân
Địa chỉ: Số 286, Đường Nguyễn Tất Thành, Phường Khai Quang, Vĩnh Yên, Vĩnh Phúc
Điện thoại: 0988 346 569"
Công ty TNHH Quốc tế Cerie (Việt Nam) Tuyển Nhiều vị trí...,https://vinhphuc.work/cong-ty-tnhh-quoc-te-cerie-viet-nam-tuyen-nhieu-vi-tri-moi.html,Công ty TNHH Quốc Tế Cerie (Việt Nam),Thỏa thuận,Từ 05/04/2022,"Lô N, KCN Bình Xuyên 1, Hương Canh, Bình Xuyên, Vĩnh Phúc","Công ty TNHH Quốc tế Cerie (Việt Nam)
Địa chỉ: Lô N, KCN Bình Xuyên 1, Hương Canh, Bình Xuyên, Vĩnh Phúc
Điện thoại: 0334429429"
Hyundai Vĩnh Yên Tuyển dụng Chuyên Viên Marketing,https://vinhphuc.work/hyundai-vinh-yen-tuyen-dung-chuyen-vien-marketing.html,Hyundai Vĩnh Yên,Từ 7.000.000 VNĐ,Từ 06/04/2022,"Hyundai Vĩnh Yên, Mậu Thông, Khai Quang, Vĩnh Yên, Vĩnh Phúc",
Công ty Cổ phần Đầu tư VCI tuyển Phó phòng – Phân...,https://vinhphuc.work/cong-ty-co-phan-dau-tu-vci-tuyen-pho-phong-phan-tich-tai-chinh-ke-toan-tong-hop-kien-truc-ky-su-quy-hoach-canh-quan.html,Công ty Cổ phần Đầu tư VCI,Thỏa thuận,Từ 05/04/2022,"83 Ngô Quyền- Thành phố Vĩnh Yên, T. Vĩnh Phúc.",
Công ty TNHH Hưng Thịnh Tuyển Trưởng phòng Hành chính Nhân sự,https://vinhphuc.work/cong-ty-tnhh-hung-thinh-tuyen-truong-phong-hanh-chinh-nhan-su.html,Công ty TNHH Hưng Thịnh Phát,Thỏa thuận,Từ 05/04/2022,"Quất Lưu, Bình Xuyên, Vĩnh Phúc",
Công ty TNHH Chemcos Vina Tuyển Nhân viên Kế toán,https://vinhphuc.work/cong-ty-tnhh-chemcos-vina-tuyen-nhan-vien-ke-toan.html,Công ty TNHH Chemcos Vina,Thỏa thuận,Từ 05/04/2022,Lô B9 – KCN Bá Thiện II – Thiện Kế – Bình Xuyên –...,"CÔNG TY TNHH CHEMCOS VINA Địa chỉ: Lô B9 – KCN Bá Thiện II – Thiện Kế – Bình Xuyên – Vĩnh Phúc
Email: Tuyendungchemcosvina@gmail.com
Điện thoại: 0211 2481 668 / 035 6 299 335"
Công ty Cổ phần Sinmire Tuyển Trưởng bộ phận Kỹ thuật tiện...,https://vinhphuc.work/cong-ty-co-phan-sinmire-tuyen-truong-bo-phan-ky-thuat-tien-cnc.html,Công ty cổ phần SINMIRE,Lương cơ bản: 12-15tr tùy năng lực,5/4/2022,"Khu HC1, Ngõ 1C, Phố Lương Văn Can, Đường Nguyễn Tất Thành, Phường Liên...","Công ty Cổ phần Sinmire
Địa điểm làm việc: Thành phố Vĩnh Yên, tỉnh Vĩnh Phúc. Thông tin liên hệ: Mr Dũng 0385.387.999"
Công Ty Sindoh Vina tuyển dụng Nhân viên Lái xe,https://vinhphuc.work/cong-ty-sindoh-vina-tuyen-dung-nhan-vien-lai-xe.html,Công Ty Sindoh Vina,Thỏa thuận,Từ 04/04/2022,"Lô CN 15, KCN Khai Quang, Vĩnh Yên, Vĩnh Phúc",
Công ty TNHH công nghệ HSIEH YUAN Việt Nam Tuyển Nhân viên...,https://vinhphuc.work/cong-ty-tnhh-cong-nghe-hsieh-yuan-viet-nam-tuyen-nhan-vien-qc.html,Công ty TNHH công nghệ HSIEH YUAN Việt Nam,Thỏa thuận,Từ 02/04/2022,Phường khai quang - TP Vĩnh Yên - Vĩnh phúc (đối diện công ty...,
Trường mầm non Quốc Tế Achi Home Montessori Tuyển 02 Giáo viên...,https://vinhphuc.work/truong-mam-non-quoc-te-achi-home-montessori-tuyen-02-giao-vien-montessori.html,Trường Quốc Tế Achi Home,Up to 10 triệu,4/4/2022,Phố Lê Đĩnh Chi – KĐT Chùa Hà Tiên – TP Vĩnh Yên –...,
Công ty TNHH Coasia Opitcs Vina tuyển Nhân viên Nhân sự,https://vinhphuc.work/cong-ty-tnhh-coasia-opitcs-vina-tuyen-nhan-vien-nhan-su.html,Công ty TNHH Coasia Optics Vina,Thỏa thuận,Từ 04/04/2022,"Bình Xuyên 2, Bá Hiến, Bình Xuyên, Vĩnh Phúc","Công ty TNHH Coasia Optics Vina
SĐT: 02113 592 730
Mail: Tuyendungcoasia@gmail.com"
Công ty TNHH công nghệ HSIEH YUAN Việt Nam Tuyển Nhân viên...,https://vinhphuc.work/cong-ty-tnhh-cong-nghe-hsieh-yuan-viet-nam-tuyen-nhan-vien-quan-ly-san-xuat.html,Công ty TNHH công nghệ HSIEH YUAN Việt Nam,Thỏa thuận,Từ 02/04/2022,Phường khai quang - TP Vĩnh Yên - Vĩnh phúc (đối diện công ty...,
Công ty TNHH Điện tử Best tuyển Phiên dịch Tiếng Hàn,https://vinhphuc.work/cong-ty-tnhh-dien-tu-best-tuyen-phien-dich-tieng-han.html,Công ty TNHH Điện tử Best,Thỏa thuận,Từ 02/04/2022,Bá Thiện 1 - Bình Xuyên - Vĩnh Phúc,"Công ty TNHH Điện tử Best
Địa chỉ: Bá Thiện 1 – Bình Xuyên – Vĩnh Phúc
Điện thoại: 0977305686
Email: dientubest@gmail.com"
Ngày hội tuyển dụng FLC Luxury Resort Vĩnh Phúc tuyển nhiều vị...,https://vinhphuc.work/ngay-hoi-tuyen-dung-flc-luxury-resort-vinh-phuc-tuyen-nhieu-vi-tri.html,FLC Luxury Resort Vĩnh Phúc,Tùy vị trí,1/4/2022,FLC Luxury Resort Vĩnh Phúc - Vĩnh Thịnh - Vĩnh Tường - Vĩnh Phúc,"FLC Luxury Resort Vĩnh Phúc
Điện thoại: Ms. Lan 0373569027"
Công ty TNHH EXEDY VIỆT NAM Tuyển Nhân viên IT,https://vinhphuc.work/cong-ty-tnhh-exedy-viet-nam-tuyen-nhan-vien-it.html,Công ty TNHH Exedy Việt Nam,6 - 7 triệu,24/03/2022,Công ty TNHH EXEDY VIỆT NAM,
CÔNG TY TNHH Dong Joo Vina Tuyển dụng Xuất Nhập Khẩu,https://vinhphuc.work/cong-ty-tnhh-dong-joo-vina-tuyen-dung-xuat-nhap-khau.html,CÔNG TY TNHH DONG JOO VINA,Thỏa thuận,1/4/2022,Kếu - Đạo Đức - Bình Xuyên - Vĩnh Phúc,"CÔNG TY TNHH Dong Joo Vina
Địa chỉ: Kếu – Đạo Đức – Bình Xuyên – Vĩnh Phúc
Điện thoại: Ms. Thủy 0393 529 939 / 02113 512 580"
Công ty TNHH Sky Denov Vina tuyển dụng Nhân viên Kế toán...,https://vinhphuc.work/cong-ty-tnhh-sky-denov-vina-tuyen-dung-nhan-vien-ke-toan-tong-hop.html,Công ty TNHH Sky Denov Vina,Thỏa thuận,Từ 01/04/2022,Công ty TNHH Sky Denov Vina,
Tuyển dụng Phiên dịch tiếng Hàn tại Cellmech International Vina,https://vinhphuc.work/tuyen-dung-phien-dich-tieng-han-tai-cellmech-international-vina.html,Công Ty TNHH Cellmech International Vina,Thỏa thuận hấp dẫn,Từ ngày 31/03/2022 đến khi tuyển đủ,Lô CN 9 - KCN Khai Quang - Thành Phố Vĩnh yên - Tỉnh...,
Công ty TNHH Dược phẩm Biomex Tuyển Nhân viên giao hàng,https://vinhphuc.work/cong-ty-tnhh-duoc-pham-biomex-tuyen-nhan-vien-giao-hang.html,Công ty TNHH Dược phẩm Biomex,Thỏa thuận,Từ 31/03/2022,"Bà Triệu, Liên Bảo, Vĩnh Yên, Vĩnh Phúc","Công ty TNHH Dược phẩm Biomex
Địa chỉ: Bà Triệu, Liên Bảo, Vĩnh Yên, Vĩnh Phúc
Điện thoại: 0989332501"
Công ty TNHH JK Tech Việt Nam Tuyển dụng Nhân viên QC,https://vinhphuc.work/cong-ty-tnhh-jk-tech-viet-nam-tuyen-dung-nhan-vien-qc.html,Công ty TNHH JK Tech Việt Nam,thỏa thuận,31/03/2022,Công ty TNHH JK Tech Việt Nam,"Công ty TNHH JK Tech Việt Nam
Địa chỉ:Công ty TNHH JK Tech Việt Nam, KCN Bá Thiện 1, Bình Xuyên, Vĩnh Phúc (cạnh Bang Joo)
Điện thoại: 0211.3899.125/ 0986207914 (zalo)"
"Công ty TNHH Kowa Global Tuyển Nhân viên Kiểm hàng, Công nhân...",https://vinhphuc.work/cong-ty-tnhh-kowa-global-tuyen-nhan-vien-kiem-hang-cong-nhan-hanh-chinh.html,Công ty TNHH Kowa Global,"5,500,000 - 6,000,000",1/4/2022,"Khu CN Bình Xuyên, TT Hương Canh, Huyện Bình Xuyên, Tỉnh Vĩnh Phúc.","Công ty TNHH Kowa Global Địa chỉ: Khu CN Bình Xuyên I, TT Hương Canh, Huyện Bình Xuyên, Tỉnh Vĩnh Phúc.
Điện thoại: 0946947499"
Công ty TNHH Powernet Vina Tuyển Nhân viên Xuất nhập khẩu,https://vinhphuc.work/cong-ty-tnhh-powernet-vina-tuyen-nhan-vien-xuat-nhap-khau.html,,Thỏa thuận,Từ 30/03/2022,"KCN Bình Xuyên 2, Bình Xuyên, Vĩnh Phúc","Công ty TNHH Powernet Vina
Địa chỉ :  KCN Bình Xuyên 2, Bình Xuyên, Vĩnh Phúc"
Công ty TNHH Suo Tech mới đi vào hoạt động Tuyển ...,https://vinhphuc.work/cong-ty-tnhh-suo-tech-moi-di-vao-hoat-dong-tuyen-them-10-cong-nhan-chinh-thuc-2.html,Công ty TNHH Suo Tech,Thỏa thuận,Từ 30/03/2022,"KCN Bá Thiện II, Xã Thiện Kế, Huyện Bình Xuyên, Tỉnh Vĩnh Phúc, Việt...","Công ty TNHH Suo Tech
Địa chỉ : KCN Bá Thiện II, Xã Thiện Kế, Huyện Bình Xuyên, Tỉnh Vĩnh Phúc, Việt Nam
Email : suotech2020@gmail.com
Điện thoại: 0979.221.179"
Nhà Hàng Tam Giao Tuyển dụng Nhiều vị trí tốt,https://vinhphuc.work/nha-hang-tam-giao-tuyen-dung-nhieu-vi-tri-tot.html,Nhà hàng Tam Giao,Thỏa thuận,Từ 30/03/2022,"Số nhà 369 và 369D Nguyễn Tất Thành, phường Liên Bảo, Tp Vĩnh Yên,...",
Công ty Cổ phần Dược phẩm Vĩnh Phúc Tuyển Nhân viên đóng...,https://vinhphuc.work/cong-ty-co-phan-duoc-pham-vinh-phuc-tuyen-nhan-vien-dong-han-nhan-vien-ve-sinh.html,Công ty Cổ phần Dược phẩm Vĩnh Phúc,6-10 triệu,30/04/2022,Công ty Cổ phần Dược phẩm Vĩnh Phúc,"Công ty Cổ phần Dược phẩm Vĩnh Phúc
Địa chỉ: 777 Mê Linh – Khai Quang – Vĩnh Phúc
Điện thoại: 0962905211"
Công ty TNHH HJC Việt Nam Tuyển Nhân Viên Kế toán cho...,https://vinhphuc.work/cong-ty-tnhh-hjc-viet-nam-tuyen-nhan-vien-ke-toan-cho-xuong-moi.html,Công ty TNHH HJC Việt Nam,8-12 tr,29-03-2022,Công ty TNHH HJC Việt Nam,"Công ty TNHH HJC Việt Nam
Địa chỉ: KCN Khai Quang Vĩnh Yên Vĩnh Phúc
Điện thoại: 0974505426"
Công ty Cổ phần dịch vụ Sen Hồng tuyển Phó phòng hành...,https://vinhphuc.work/cong-ty-co-phan-dich-vu-sen-hong-tuyen-pho-phong-hanh-chinh-va-nhan-vien-kinh-doanh.html,CÔNG TY CP DỊCH VỤ SEN HỒNG,Lương: thỏa thuận + lương KPI + thưởng (Không áp doanh số),Từ ngày 28/3/2022 đến khi tuyển đủ,"đường Hùng Vương, thành phố Vĩnh Yên, tỉnh Vĩnh Phúc",
Công ty CNCTech Thăng Long Tuyển dụng nhân viên kế toán,https://vinhphuc.work/cong-ty-cnctech-thang-long-tuyen-dung-nhan-vien-ke-toan.html,Công ty Cổ phần CNCTECH Thăng Long,thỏa thuận,29/3/2022,"Lô F1-2-3, Khu Công nghiệp Thăng Long Vĩnh Phúc, Xã Tam Hợp, Huyện Bình...","Công ty CNCTech Thăng Long
Địa chỉ: Lô F1-2-3, Khu Công nghiệp Thăng Long Vĩnh Phúc, Xã Tam Hợp, Huyện Bình Xuyên, Tỉnh Vĩnh Phúc, Việt Nam
Điện thoại: 0987414250"
Bất động sản nghỉ dưỡng Bigsealand tuyển thêm 05 Nhân viên Bán...,https://vinhphuc.work/bat-dong-san-nghi-duong-bigsealand-tuyen-them-05-nhan-vien-ban-hang.html,BigseaGroup,Thỏa thuận,Từ 28/03/2022,NP7 - 08 Lý Nam Đế - Khai Quang - Vĩnh Yên - Vĩnh...,"Điện thoại: 0867.918.838
Địa chỉ các văn phòng: Văn phòng 1 : Eco park – TP Hải Dương Văn phòng 2 : 296 Minh Khai – Hn Văn phòng 3 : Khu 4 thị trấn Coto Văn phòng 4 : Suối Khoang – Mỹ Khang – TP Tuyên Quang. Văn phòng 5 : NP7 – 08 Lý Nam Đế – Khai Quang – Vĩnh Yên – Vĩnh phúc Văn phòng 6 : Khu Bó Bun – Thị Trấn Nông Trường Mộc Châu . Văn phòng 7: Homestay SÀNH – Bản Tả Van Giáy – SAPA."
Công ty TNHH K.Source Hà Nội Việt Nam Tuyển 01 Nhân viên...,https://vinhphuc.work/cong-ty-tnhh-k-source-ha-noi-viet-nam-tuyen-01-nhan-vien-lap-rap-guong.html,Công Ty TNHH K.Source Hà Nội Việt Nam,5.500.000,15/04/2022,KCN KHAI QUANG - VĨNH YÊN - VĨNH PHÚC,"Công ty TNHH K.Source Hà Nội Việt Nam
Địa chỉ: Khu Công nghiệp Khai quang, Phường Khai Quang, Thành phố Vĩnh Yên, Tỉnh Vĩnh Phúc
Điện thoại: 02113.696.201 / 0931.664.585"
